experiment,response,config,dataset_name,dataset_path,time_col,event_col,execution,response_file,y_raw,population,dataset_level,generations,rate_policy,y,response_transform,I,q0,y_hat_main_effects,y_hat_full_factorial,A,B,AB,residual_main_effects,treatment_mean,full_factorial_minus_treatment_mean,residual_full_factorial,experiment_order,abs_residual_full_factorial,squared_residual_full_factorial
runtime,total_time,+1_+1,mgus2,datasets\files\mgus2.parquet,futime,status,0,C:\GitHub\easd_refatorado\experiments\factorial_design\factorial_2k\total_time\+1_+1\mgus2\complement\mgus2_0_complement_Info.csv,798.4024765491486,1000,high,500,adaptive,6.68261282688266,log,1,4.904838057424828,6.637441633038154,6.621947484571927,1,1,1,0.04517119384450563,6.621947484571927,0.0,0.06066534231073284,1,0.06066534231073284,0.003680283757678392
runtime,total_time,+1_+1,mgus2,datasets\files\mgus2.parquet,futime,status,1,C:\GitHub\easd_refatorado\experiments\factorial_design\factorial_2k\total_time\+1_+1\mgus2\complement\mgus2_1_complement_Info.csv,625.7026398181915,1000,high,500,adaptive,6.438875241979263,log,1,4.904838057424828,6.637441633038154,6.621947484571927,1,1,1,-0.1985663910588915,6.621947484571927,0.0,-0.1830722425926643,2,0.1830722425926643,0.03351544600790733
runtime,total_time,+1_+1,mgus2,datasets\files\mgus2.parquet,futime,status,2,C:\GitHub\easd_refatorado\experiments\factorial_design\factorial_2k\total_time\+1_+1\mgus2\complement\mgus2_2_complement_Info.csv,1031.3035044670105,1000,high,500,adaptive,6.938578819422534,log,1,4.904838057424828,6.637441633038154,6.621947484571927,1,1,1,0.3011371863843797,6.621947484571927,0.0,0.3166313348506069,3,0.3166313348506069,0.10025540220927716
runtime,total_time,+1_+1,mgus2,datasets\files\mgus2.parquet,futime,status,3,C:\GitHub\easd_refatorado\experiments\factorial_design\factorial_2k\total_time\+1_+1\mgus2\complement\mgus2_3_complement_Info.csv,671.7314283847809,1000,high,500,adaptive,6.509858600496055,log,1,4.904838057424828,6.637441633038154,6.621947484571927,1,1,1,-0.12758303254209924,6.621947484571927,0.0,-0.11208888407587203,4,0.11208888407587203,0.012563917933374278
runtime,total_time,+1_+1,mgus2,datasets\files\mgus2.parquet,futime,status,4,C:\GitHub\easd_refatorado\experiments\factorial_design\factorial_2k\total_time\+1_+1\mgus2\complement\mgus2_4_complement_Info.csv,825.8632264137268,1000,high,500,adaptive,6.716429174354657,log,1,4.904838057424828,6.637441633038154,6.621947484571927,1,1,1,0.07898754131650243,6.621947484571927,0.0,0.09448168978272964,5,0.09448168978272964,0.008926789704199958
runtime,total_time,+1_+1,mgus2,datasets\files\mgus2.parquet,futime,status,5,C:\GitHub\easd_refatorado\experiments\factorial_design\factorial_2k\total_time\+1_+1\mgus2\complement\mgus2_5_complement_Info.csv,660.5264310836792,1000,high,500,adaptive,6.49303713994247,log,1,4.904838057424828,6.637441633038154,6.621947484571927,1,1,1,-0.14440449309568404,6.621947484571927,0.0,-0.12891034462945683,6,0.12891034462945683,0.01661787695248533
runtime,total_time,+1_+1,mgus2,datasets\files\mgus2.parquet,futime,status,6,C:\GitHub\easd_refatorado\experiments\factorial_design\factorial_2k\total_time\+1_+1\mgus2\complement\mgus2_6_complement_Info.csv,574.924525976181,1000,high,500,adaptive,6.354238773010253,log,1,4.904838057424828,6.637441633038154,6.621947484571927,1,1,1,-0.2832028600279015,6.621947484571927,0.0,-0.2677087115616743,7,0.2677087115616743,0.07166795424601173
runtime,total_time,+1_+1,mgus2,datasets\files\mgus2.parquet,futime,status,7,C:\GitHub\easd_refatorado\experiments\factorial_design\factorial_2k\total_time\+1_+1\mgus2\complement\mgus2_7_complement_Info.csv,776.1834766864777,1000,high,500,adaptive,6.654388931264883,log,1,4.904838057424828,6.637441633038154,6.621947484571927,1,1,1,0.01694729822672869,6.621947484571927,0.0,0.0324414466929559,8,0.0324414466929559,0.0010524474635318993
runtime,total_time,+1_+1,mgus2,datasets\files\mgus2.parquet,futime,status,8,C:\GitHub\easd_refatorado\experiments\factorial_design\factorial_2k\total_time\+1_+1\mgus2\complement\mgus2_8_complement_Info.csv,657.1384162902832,1000,high,500,adaptive,6.487894675579905,log,1,4.904838057424828,6.637441633038154,6.621947484571927,1,1,1,-0.14954695745824953,6.621947484571927,0.0,-0.13405280899202232,9,0.13405280899202232,0.01797015559865162
runtime,total_time,+1_+1,mgus2,datasets\files\mgus2.parquet,futime,status,9,C:\GitHub\easd_refatorado\experiments\factorial_design\factorial_2k\total_time\+1_+1\mgus2\complement\mgus2_9_complement_Info.csv,664.8857324123383,1000,high,500,adaptive,6.499615194932334,log,1,4.904838057424828,6.637441633038154,6.621947484571927,1,1,1,-0.13782643810582051,6.621947484571927,0.0,-0.1223322896395933,10,0.1223322896395933,0.014965189088465348
runtime,total_time,+1_+1,mgus2,datasets\files\mgus2.parquet,futime,status,10,C:\GitHub\easd_refatorado\experiments\factorial_design\factorial_2k\total_time\+1_+1\mgus2\complement\mgus2_10_complement_Info.csv,779.0015211105347,1000,high,500,adaptive,6.658012998513944,log,1,4.904838057424828,6.637441633038154,6.621947484571927,1,1,1,0.020571365475789527,6.621947484571927,0.0,0.036065513942016736,11,0.036065513942016736,0.0013007212959018036
runtime,total_time,+1_+1,mgus2,datasets\files\mgus2.parquet,futime,status,11,C:\GitHub\easd_refatorado\experiments\factorial_design\factorial_2k\total_time\+1_+1\mgus2\complement\mgus2_11_complement_Info.csv,662.3847768306732,1000,high,500,adaptive,6.495846620969211,log,1,4.904838057424828,6.637441633038154,6.621947484571927,1,1,1,-0.14159501206894287,6.621947484571927,0.0,-0.12610086360271566,12,0.12610086360271566,0.0159014278013507
runtime,total_time,+1_+1,mgus2,datasets\files\mgus2.parquet,futime,status,12,C:\GitHub\easd_refatorado\experiments\factorial_design\factorial_2k\total_time\+1_+1\mgus2\complement\mgus2_12_complement_Info.csv,889.8494548797607,1000,high,500,adaptive,6.791052296597909,log,1,4.904838057424828,6.637441633038154,6.621947484571927,1,1,1,0.15361066355975517,6.621947484571927,0.0,0.16910481202598238,13,0.16910481202598238,0.028596437450342835
runtime,total_time,+1_+1,mgus2,datasets\files\mgus2.parquet,futime,status,13,C:\GitHub\easd_refatorado\experiments\factorial_design\factorial_2k\total_time\+1_+1\mgus2\complement\mgus2_13_complement_Info.csv,712.3054642677307,1000,high,500,adaptive,6.568506842255924,log,1,4.904838057424828,6.637441633038154,6.621947484571927,1,1,1,-0.06893479078223042,6.621947484571927,0.0,-0.053440642316003206,14,0.053440642316003206,0.0028559022511469925
runtime,total_time,+1_+1,mgus2,datasets\files\mgus2.parquet,futime,status,14,C:\GitHub\easd_refatorado\experiments\factorial_design\factorial_2k\total_time\+1_+1\mgus2\complement\mgus2_14_complement_Info.csv,1141.6891238689425,1000,high,500,adaptive,7.040264132376893,log,1,4.904838057424828,6.637441633038154,6.621947484571927,1,1,1,0.4028224993387388,6.621947484571927,0.0,0.418316647804966,15,0.418316647804966,0.174988817830784
runtime,total_time,+1_-1,veteran,datasets\files\veteran.parquet,survival,status,0,C:\GitHub\easd_refatorado\experiments\factorial_design\factorial_2k\total_time\+1_-1\veteran\complement\veteran_0_complement_Info.csv,327.3577170372009,1000,low,500,adaptive,5.791053508878976,log,1,4.904838057424828,5.972741376283251,5.988235524749478,1,-1,-1,-0.18168786740427478,5.988235524749478,0.0,-0.197182015870502,16,0.197182015870502,0.0388807473827549
runtime,total_time,+1_-1,veteran,datasets\files\veteran.parquet,survival,status,1,C:\GitHub\easd_refatorado\experiments\factorial_design\factorial_2k\total_time\+1_-1\veteran\complement\veteran_1_complement_Info.csv,330.2920336723328,1000,low,500,adaptive,5.799977213644893,log,1,4.904838057424828,5.972741376283251,5.988235524749478,1,-1,-1,-0.1727641626383578,5.988235524749478,0.0,-0.18825831110458502,17,0.18825831110458502,0.03544119169995072
runtime,total_time,+1_-1,veteran,datasets\files\veteran.parquet,survival,status,2,C:\GitHub\easd_refatorado\experiments\factorial_design\factorial_2k\total_time\+1_-1\veteran\complement\veteran_2_complement_Info.csv,273.54050946235657,1000,low,500,adaptive,5.611449725930125,log,1,4.904838057424828,5.972741376283251,5.988235524749478,1,-1,-1,-0.3612916503531256,5.988235524749478,0.0,-0.3767857988193528,18,0.3767857988193528,0.1419675381919378
runtime,total_time,+1_-1,veteran,datasets\files\veteran.parquet,survival,status,3,C:\GitHub\easd_refatorado\experiments\factorial_design\factorial_2k\total_time\+1_-1\veteran\complement\veteran_3_complement_Info.csv,353.0225732326508,1000,low,500,adaptive,5.86653200172349,log,1,4.904838057424828,5.972741376283251,5.988235524749478,1,-1,-1,-0.10620937455976076,5.988235524749478,0.0,-0.12170352302598797,19,0.12170352302598797,0.014811747516937184
runtime,total_time,+1_-1,veteran,datasets\files\veteran.parquet,survival,status,4,C:\GitHub\easd_refatorado\experiments\factorial_design\factorial_2k\total_time\+1_-1\veteran\complement\veteran_4_complement_Info.csv,518.5823934078217,1000,low,500,adaptive,6.251098922292649,log,1,4.904838057424828,5.972741376283251,5.988235524749478,1,-1,-1,0.2783575460093983,5.988235524749478,0.0,0.2628633975431711,20,0.2628633975431711,0.06909716576793921
runtime,total_time,+1_-1,veteran,datasets\files\veteran.parquet,survival,status,5,C:\GitHub\easd_refatorado\experiments\factorial_design\factorial_2k\total_time\+1_-1\veteran\complement\veteran_5_complement_Info.csv,384.37495493888855,1000,low,500,adaptive,5.951618521328616,log,1,4.904838057424828,5.972741376283251,5.988235524749478,1,-1,-1,-0.021122854954635173,5.988235524749478,0.0,-0.03661700342086238,21,0.03661700342086238,0.0013408049395234474
runtime,total_time,+1_-1,veteran,datasets\files\veteran.parquet,survival,status,6,C:\GitHub\easd_refatorado\experiments\factorial_design\factorial_2k\total_time\+1_-1\veteran\complement\veteran_6_complement_Info.csv,457.873309135437,1000,low,500,adaptive,6.126592528240262,log,1,4.904838057424828,5.972741376283251,5.988235524749478,1,-1,-1,0.15385115195701093,5.988235524749478,0.0,0.13835700349078373,22,0.13835700349078373,0.01914266041494874
runtime,total_time,+1_-1,veteran,datasets\files\veteran.parquet,survival,status,7,C:\GitHub\easd_refatorado\experiments\factorial_design\factorial_2k\total_time\+1_-1\veteran\complement\veteran_7_complement_Info.csv,535.7147343158722,1000,low,500,adaptive,6.283601807298421,log,1,4.904838057424828,5.972741376283251,5.988235524749478,1,-1,-1,0.31086043101517014,5.988235524749478,0.0,0.2953662825489429,23,0.2953662825489429,0.08724124086678199
runtime,total_time,+1_-1,veteran,datasets\files\veteran.parquet,survival,status,8,C:\GitHub\easd_refatorado\experiments\factorial_design\factorial_2k\total_time\+1_-1\veteran\complement\veteran_8_complement_Info.csv,483.9253165721893,1000,low,500,adaptive,6.1819305902075365,log,1,4.904838057424828,5.972741376283251,5.988235524749478,1,-1,-1,0.2091892139242857,5.988235524749478,0.0,0.19369506545805848,24,0.19369506545805848,0.037517778382801556
runtime,total_time,+1_-1,veteran,datasets\files\veteran.parquet,survival,status,9,C:\GitHub\easd_refatorado\experiments\factorial_design\factorial_2k\total_time\+1_-1\veteran\complement\veteran_9_complement_Info.csv,250.95361304283145,1000,low,500,adaptive,5.525268113458274,log,1,4.904838057424828,5.972741376283251,5.988235524749478,1,-1,-1,-0.44747326282497646,5.988235524749478,0.0,-0.46296741129120367,25,0.46296741129120367,0.21433882391767853
runtime,total_time,+1_-1,veteran,datasets\files\veteran.parquet,survival,status,10,C:\GitHub\easd_refatorado\experiments\factorial_design\factorial_2k\total_time\+1_-1\veteran\complement\veteran_10_complement_Info.csv,471.6670341491699,1000,low,500,adaptive,6.156273300523773,log,1,4.904838057424828,5.972741376283251,5.988235524749478,1,-1,-1,0.18353192424052178,5.988235524749478,0.0,0.16803777577429457,26,0.16803777577429457,0.0282366940871721
runtime,total_time,+1_-1,veteran,datasets\files\veteran.parquet,survival,status,11,C:\GitHub\easd_refatorado\experiments\factorial_design\factorial_2k\total_time\+1_-1\veteran\complement\veteran_11_complement_Info.csv,447.7629585266113,1000,low,500,adaptive,6.104263981954994,log,1,4.904838057424828,5.972741376283251,5.988235524749478,1,-1,-1,0.13152260567174334,5.988235524749478,0.0,0.11602845720551613,27,0.11602845720551613,0.01346260288149229
runtime,total_time,+1_-1,veteran,datasets\files\veteran.parquet,survival,status,12,C:\GitHub\easd_refatorado\experiments\factorial_design\factorial_2k\total_time\+1_-1\veteran\complement\veteran_12_complement_Info.csv,430.2167773246765,1000,low,500,adaptive,6.064289214968303,log,1,4.904838057424828,5.972741376283251,5.988235524749478,1,-1,-1,0.09154783868505234,5.988235524749478,0.0,0.07605369021882513,28,0.07605369021882513,0.005784163795901017
runtime,total_time,+1_-1,veteran,datasets\files\veteran.parquet,survival,status,13,C:\GitHub\easd_refatorado\experiments\factorial_design\factorial_2k\total_time\+1_-1\veteran\complement\veteran_13_complement_Info.csv,372.7814593315125,1000,low,500,adaptive,5.920992348021872,log,1,4.904838057424828,5.972741376283251,5.988235524749478,1,-1,-1,-0.05174902826137906,5.988235524749478,0.0,-0.06724317672760627,29,0.06724317672760627,0.0045216448164200895
runtime,total_time,+1_-1,veteran,datasets\files\veteran.parquet,survival,status,14,C:\GitHub\easd_refatorado\experiments\factorial_design\factorial_2k\total_time\+1_-1\veteran\complement\veteran_14_complement_Info.csv,487.1592602729797,1000,low,500,adaptive,6.188591092769977,log,1,4.904838057424828,5.972741376283251,5.988235524749478,1,-1,-1,0.21584971648672635,5.988235524749478,0.0,0.20035556802049914,30,0.20035556802049914,0.04014235363681686
runtime,total_time,-1_+1,mgus2,datasets\files\mgus2.parquet,futime,status,0,C:\GitHub\easd_refatorado\experiments\factorial_design\factorial_2k\total_time\-1_+1\mgus2\complement\mgus2_0_complement_Info.csv,73.79553127288818,50,high,500,adaptive,4.301298177915205,log,1,4.904838057424828,3.8369347385664057,3.852428887032633,-1,1,-1,0.46436343934879964,3.852428887032633,0.0,0.44886929088257244,31,0.44886929088257244,0.20148364029742344
runtime,total_time,-1_+1,mgus2,datasets\files\mgus2.parquet,futime,status,1,C:\GitHub\easd_refatorado\experiments\factorial_design\factorial_2k\total_time\-1_+1\mgus2\complement\mgus2_1_complement_Info.csv,39.00809001922608,50,high,500,adaptive,3.6637690610081055,log,1,4.904838057424828,3.8369347385664057,3.852428887032633,-1,1,-1,-0.17316567755830015,3.852428887032633,0.0,-0.18865982602452736,32,0.18865982602452736,0.035592529955604926
runtime,total_time,-1_+1,mgus2,datasets\files\mgus2.parquet,futime,status,2,C:\GitHub\easd_refatorado\experiments\factorial_design\factorial_2k\total_time\-1_+1\mgus2\complement\mgus2_2_complement_Info.csv,55.35476422309876,50,high,500,adaptive,4.0137627299418455,log,1,4.904838057424828,3.8369347385664057,3.852428887032633,-1,1,-1,0.1768279913754398,3.852428887032633,0.0,0.1613338429092126,33,0.1613338429092126,0.026028608867854488
runtime,total_time,-1_+1,mgus2,datasets\files\mgus2.parquet,futime,status,3,C:\GitHub\easd_refatorado\experiments\factorial_design\factorial_2k\total_time\-1_+1\mgus2\complement\mgus2_3_complement_Info.csv,52.78803706169128,50,high,500,adaptive,3.966284594239873,log,1,4.904838057424828,3.8369347385664057,3.852428887032633,-1,1,-1,0.12934985567346713,3.852428887032633,0.0,0.11385570720723992,34,0.11385570720723992,0.012963122063660744
runtime,total_time,-1_+1,mgus2,datasets\files\mgus2.parquet,futime,status,4,C:\GitHub\easd_refatorado\experiments\factorial_design\factorial_2k\total_time\-1_+1\mgus2\complement\mgus2_4_complement_Info.csv,28.14519238471985,50,high,500,adaptive,3.3373765543774336,log,1,4.904838057424828,3.8369347385664057,3.852428887032633,-1,1,-1,-0.499558184188972,3.852428887032633,0.0,-0.5150523326551992,35,0.5150523326551992,0.265278905373562
runtime,total_time,-1_+1,mgus2,datasets\files\mgus2.parquet,futime,status,5,C:\GitHub\easd_refatorado\experiments\factorial_design\factorial_2k\total_time\-1_+1\mgus2\complement\mgus2_5_complement_Info.csv,33.88789772987366,50,high,500,adaptive,3.5230579515282776,log,1,4.904838057424828,3.8369347385664057,3.852428887032633,-1,1,-1,-0.31387678703812805,3.852428887032633,0.0,-0.32937093550435526,36,0.32937093550435526,0.10848521315501415
runtime,total_time,-1_+1,mgus2,datasets\files\mgus2.parquet,futime,status,6,C:\GitHub\easd_refatorado\experiments\factorial_design\factorial_2k\total_time\-1_+1\mgus2\complement\mgus2_6_complement_Info.csv,70.72085237503052,50,high,500,adaptive,4.258740471071099,log,1,4.904838057424828,3.8369347385664057,3.852428887032633,-1,1,-1,0.42180573250469333,3.852428887032633,0.0,0.4063115840384661,37,0.4063115840384661,0.16508910332384752
runtime,total_time,-1_+1,mgus2,datasets\files\mgus2.parquet,futime,status,7,C:\GitHub\easd_refatorado\experiments\factorial_design\factorial_2k\total_time\-1_+1\mgus2\complement\mgus2_7_complement_Info.csv,71.55151510238647,50,high,500,adaptive,4.270417681213434,log,1,4.904838057424828,3.8369347385664057,3.852428887032633,-1,1,-1,0.4334829426470286,3.852428887032633,0.0,0.41798879418080137,38,0.41798879418080137,0.17471463206072033
runtime,total_time,-1_+1,mgus2,datasets\files\mgus2.parquet,futime,status,8,C:\GitHub\easd_refatorado\experiments\factorial_design\factorial_2k\total_time\-1_+1\mgus2\complement\mgus2_8_complement_Info.csv,85.11077404022217,50,high,500,adaptive,4.443953632033605,log,1,4.904838057424828,3.8369347385664057,3.852428887032633,-1,1,-1,0.607018893467199,3.852428887032633,0.0,0.5915247450009717,39,0.5915247450009717,0.34990152394846463
runtime,total_time,-1_+1,mgus2,datasets\files\mgus2.parquet,futime,status,9,C:\GitHub\easd_refatorado\experiments\factorial_design\factorial_2k\total_time\-1_+1\mgus2\complement\mgus2_9_complement_Info.csv,29.55330371856689,50,high,500,adaptive,3.3861955385695754,log,1,4.904838057424828,3.8369347385664057,3.852428887032633,-1,1,-1,-0.4507391999968302,3.852428887032633,0.0,-0.4662333484630574,40,0.4662333484630574,0.21737353521907474
runtime,total_time,-1_+1,mgus2,datasets\files\mgus2.parquet,futime,status,10,C:\GitHub\easd_refatorado\experiments\factorial_design\factorial_2k\total_time\-1_+1\mgus2\complement\mgus2_10_complement_Info.csv,37.0089213848114,50,high,500,adaptive,3.611159002088245,log,1,4.904838057424828,3.8369347385664057,3.852428887032633,-1,1,-1,-0.22577573647816074,3.852428887032633,0.0,-0.24126988494438795,41,0.24126988494438795,0.058211157381078196
runtime,total_time,-1_+1,mgus2,datasets\files\mgus2.parquet,futime,status,11,C:\GitHub\easd_refatorado\experiments\factorial_design\factorial_2k\total_time\-1_+1\mgus2\complement\mgus2_11_complement_Info.csv,41.697285175323486,50,high,500,adaptive,3.730436022976148,log,1,4.904838057424828,3.8369347385664057,3.852428887032633,-1,1,-1,-0.10649871559025748,3.852428887032633,0.0,-0.12199286405648468,42,0.12199286405648468,0.014882258880703953
runtime,total_time,-1_+1,mgus2,datasets\files\mgus2.parquet,futime,status,12,C:\GitHub\easd_refatorado\experiments\factorial_design\factorial_2k\total_time\-1_+1\mgus2\complement\mgus2_12_complement_Info.csv,44.18951940536499,50,high,500,adaptive,3.7884876434411683,log,1,4.904838057424828,3.8369347385664057,3.852428887032633,-1,1,-1,-0.04844709512523737,3.852428887032633,0.0,-0.06394124359146458,43,0.06394124359146458,0.00408848263202301
runtime,total_time,-1_+1,mgus2,datasets\files\mgus2.parquet,futime,status,13,C:\GitHub\easd_refatorado\experiments\factorial_design\factorial_2k\total_time\-1_+1\mgus2\complement\mgus2_13_complement_Info.csv,40.946125984191895,50,high,500,adaptive,3.712257202263242,log,1,4.904838057424828,3.8369347385664057,3.852428887032633,-1,1,-1,-0.1246775363031638,3.852428887032633,0.0,-0.14017168476939101,44,0.14017168476939101,0.019648101211089525
runtime,total_time,-1_+1,mgus2,datasets\files\mgus2.parquet,futime,status,14,C:\GitHub\easd_refatorado\experiments\factorial_design\factorial_2k\total_time\-1_+1\mgus2\complement\mgus2_14_complement_Info.csv,43.7826247215271,50,high,500,adaptive,3.779237042822239,log,1,4.904838057424828,3.8369347385664057,3.852428887032633,-1,1,-1,-0.05769769574416683,3.852428887032633,0.0,-0.07319184421039404,45,0.07319184421039404,0.005357046058918592
runtime,total_time,-1_-1,veteran,datasets\files\veteran.parquet,survival,status,0,C:\GitHub\easd_refatorado\experiments\factorial_design\factorial_2k\total_time\-1_-1\veteran\complement\veteran_0_complement_Info.csv,25.721758127212524,50,low,500,adaptive,3.247337253456729,log,1,4.904838057424828,3.1722344818115022,3.156740333345275,-1,-1,1,0.07510277164522661,3.1567403333452746,4.440892098500626e-16,0.09059692011145382,46,0.09059692011145382,0.008207801933681145
runtime,total_time,-1_-1,veteran,datasets\files\veteran.parquet,survival,status,1,C:\GitHub\easd_refatorado\experiments\factorial_design\factorial_2k\total_time\-1_-1\veteran\complement\veteran_1_complement_Info.csv,29.498576402664185,50,low,500,adaptive,3.3843420046445343,log,1,4.904838057424828,3.1722344818115022,3.156740333345275,-1,-1,1,0.21210752283303203,3.1567403333452746,4.440892098500626e-16,0.22760167129925923,47,0.22760167129925923,0.051802520778216045
runtime,total_time,-1_-1,veteran,datasets\files\veteran.parquet,survival,status,2,C:\GitHub\easd_refatorado\experiments\factorial_design\factorial_2k\total_time\-1_-1\veteran\complement\veteran_2_complement_Info.csv,23.41221117973328,50,low,500,adaptive,3.153257731537502,log,1,4.904838057424828,3.1722344818115022,3.156740333345275,-1,-1,1,-0.018976750274000143,3.1567403333452746,4.440892098500626e-16,-0.0034826018077729337,48,0.0034826018077729337,1.2128515351503306e-05
runtime,total_time,-1_-1,veteran,datasets\files\veteran.parquet,survival,status,3,C:\GitHub\easd_refatorado\experiments\factorial_design\factorial_2k\total_time\-1_-1\veteran\complement\veteran_3_complement_Info.csv,22.558439254760746,50,low,500,adaptive,3.1161092422668504,log,1,4.904838057424828,3.1722344818115022,3.156740333345275,-1,-1,1,-0.05612523954465187,3.1567403333452746,4.440892098500626e-16,-0.040631091078424664,49,0.040631091078424664,0.0016508855622232403
runtime,total_time,-1_-1,veteran,datasets\files\veteran.parquet,survival,status,4,C:\GitHub\easd_refatorado\experiments\factorial_design\factorial_2k\total_time\-1_-1\veteran\complement\veteran_4_complement_Info.csv,22.640218019485477,50,low,500,adaptive,3.1197278831245465,log,1,4.904838057424828,3.1722344818115022,3.156740333345275,-1,-1,1,-0.05250659868695573,3.1567403333452746,4.440892098500626e-16,-0.03701245022072852,50,0.03701245022072852,0.0013699214713419068
runtime,total_time,-1_-1,veteran,datasets\files\veteran.parquet,survival,status,5,C:\GitHub\easd_refatorado\experiments\factorial_design\factorial_2k\total_time\-1_-1\veteran\complement\veteran_5_complement_Info.csv,16.74304509162903,50,low,500,adaptive,2.8179829536338348,log,1,4.904838057424828,3.1722344818115022,3.156740333345275,-1,-1,1,-0.3542515281776675,3.1567403333452746,4.440892098500626e-16,-0.33875737971144027,51,0.33875737971144027,0.11475656230896092
runtime,total_time,-1_-1,veteran,datasets\files\veteran.parquet,survival,status,6,C:\GitHub\easd_refatorado\experiments\factorial_design\factorial_2k\total_time\-1_-1\veteran\complement\veteran_6_complement_Info.csv,25.60800552368164,50,low,500,adaptive,3.242905018368946,log,1,4.904838057424828,3.1722344818115022,3.156740333345275,-1,-1,1,0.0706705365574436,3.1567403333452746,4.440892098500626e-16,0.0861646850236708,52,0.0861646850236708,0.0074243529452284
runtime,total_time,-1_-1,veteran,datasets\files\veteran.parquet,survival,status,7,C:\GitHub\easd_refatorado\experiments\factorial_design\factorial_2k\total_time\-1_-1\veteran\complement\veteran_7_complement_Info.csv,21.908047914505005,50,low,500,adaptive,3.0868540539970915,log,1,4.904838057424828,3.1722344818115022,3.156740333345275,-1,-1,1,-0.0853804278144108,3.1567403333452746,4.440892098500626e-16,-0.06988627934818359,53,0.06988627934818359,0.004884092041132352
runtime,total_time,-1_-1,veteran,datasets\files\veteran.parquet,survival,status,8,C:\GitHub\easd_refatorado\experiments\factorial_design\factorial_2k\total_time\-1_-1\veteran\complement\veteran_8_complement_Info.csv,9.253180027008057,50,low,500,adaptive,2.2249672791467994,log,1,4.904838057424828,3.1722344818115022,3.156740333345275,-1,-1,1,-0.9472672026647029,3.1567403333452746,4.440892098500626e-16,-0.9317730541984757,54,0.9317730541984757,0.8682010245303555
runtime,total_time,-1_-1,veteran,datasets\files\veteran.parquet,survival,status,9,C:\GitHub\easd_refatorado\experiments\factorial_design\factorial_2k\total_time\-1_-1\veteran\complement\veteran_9_complement_Info.csv,40.38407039642334,50,low,500,adaptive,3.6984354100933214,log,1,4.904838057424828,3.1722344818115022,3.156740333345275,-1,-1,1,0.5262009282818192,3.1567403333452746,4.440892098500626e-16,0.5416950767480464,55,0.5416950767480464,0.2934335561730719
runtime,total_time,-1_-1,veteran,datasets\files\veteran.parquet,survival,status,10,C:\GitHub\easd_refatorado\experiments\factorial_design\factorial_2k\total_time\-1_-1\veteran\complement\veteran_10_complement_Info.csv,24.551039695739743,50,low,500,adaptive,3.200754203475753,log,1,4.904838057424828,3.1722344818115022,3.156740333345275,-1,-1,1,0.028519721664250763,3.1567403333452746,4.440892098500626e-16,0.04401387013047797,56,0.04401387013047797,0.001937220763862581
runtime,total_time,-1_-1,veteran,datasets\files\veteran.parquet,survival,status,11,C:\GitHub\easd_refatorado\experiments\factorial_design\factorial_2k\total_time\-1_-1\veteran\complement\veteran_11_complement_Info.csv,28.05716109275818,50,low,500,adaptive,3.3342438968103973,log,1,4.904838057424828,3.1722344818115022,3.156740333345275,-1,-1,1,0.1620094149988951,3.1567403333452746,4.440892098500626e-16,0.1775035634651223,57,0.1775035634651223,0.0315075150428167
runtime,total_time,-1_-1,veteran,datasets\files\veteran.parquet,survival,status,12,C:\GitHub\easd_refatorado\experiments\factorial_design\factorial_2k\total_time\-1_-1\veteran\complement\veteran_12_complement_Info.csv,15.786007404327393,50,low,500,adaptive,2.759123940330025,log,1,4.904838057424828,3.1722344818115022,3.156740333345275,-1,-1,1,-0.4131105414814771,3.1567403333452746,4.440892098500626e-16,-0.39761639301524987,58,0.39761639301524987,0.15809879599445764
runtime,total_time,-1_-1,veteran,datasets\files\veteran.parquet,survival,status,13,C:\GitHub\easd_refatorado\experiments\factorial_design\factorial_2k\total_time\-1_-1\veteran\complement\veteran_13_complement_Info.csv,34.14424109458923,50,low,500,adaptive,3.53059393620586,log,1,4.904838057424828,3.1722344818115022,3.156740333345275,-1,-1,1,0.3583594543943578,3.1567403333452746,4.440892098500626e-16,0.373853602860585,59,0.373853602860585,0.13976651637184
runtime,total_time,-1_-1,veteran,datasets\files\veteran.parquet,survival,status,14,C:\GitHub\easd_refatorado\experiments\factorial_design\factorial_2k\total_time\-1_-1\veteran\complement\veteran_14_complement_Info.csv,31.014976263046265,50,low,500,adaptive,3.434470193086928,log,1,4.904838057424828,3.1722344818115022,3.156740333345275,-1,-1,1,0.26223571127542566,3.1567403333452746,4.440892098500626e-16,0.2777298597416529,60,0.2777298597416529,0.07713387499211818
