experiment,response,config,dataset_name,dataset_path,time_col,event_col,execution,response_file,y_raw,population,dataset_level,generations,rate_policy,y,response_transform
runtime,total_time,-1_-1,veteran,datasets\files\veteran.parquet,survival,status,0,C:\GitHub\easd_refatorado\experiments\factorial_design\factorial_2k\total_time\-1_-1\veteran\complement\veteran_0_complement_Info.csv,25.721758127212524,50,low,500,adaptive,3.247337253456729,log
runtime,total_time,-1_-1,veteran,datasets\files\veteran.parquet,survival,status,10,C:\GitHub\easd_refatorado\experiments\factorial_design\factorial_2k\total_time\-1_-1\veteran\complement\veteran_10_complement_Info.csv,24.551039695739743,50,low,500,adaptive,3.200754203475753,log
runtime,total_time,-1_-1,veteran,datasets\files\veteran.parquet,survival,status,11,C:\GitHub\easd_refatorado\experiments\factorial_design\factorial_2k\total_time\-1_-1\veteran\complement\veteran_11_complement_Info.csv,28.05716109275818,50,low,500,adaptive,3.3342438968103973,log
runtime,total_time,-1_-1,veteran,datasets\files\veteran.parquet,survival,status,12,C:\GitHub\easd_refatorado\experiments\factorial_design\factorial_2k\total_time\-1_-1\veteran\complement\veteran_12_complement_Info.csv,15.786007404327393,50,low,500,adaptive,2.759123940330025,log
runtime,total_time,-1_-1,veteran,datasets\files\veteran.parquet,survival,status,13,C:\GitHub\easd_refatorado\experiments\factorial_design\factorial_2k\total_time\-1_-1\veteran\complement\veteran_13_complement_Info.csv,34.14424109458923,50,low,500,adaptive,3.53059393620586,log
runtime,total_time,-1_-1,veteran,datasets\files\veteran.parquet,survival,status,14,C:\GitHub\easd_refatorado\experiments\factorial_design\factorial_2k\total_time\-1_-1\veteran\complement\veteran_14_complement_Info.csv,31.014976263046265,50,low,500,adaptive,3.434470193086928,log
runtime,total_time,-1_-1,veteran,datasets\files\veteran.parquet,survival,status,1,C:\GitHub\easd_refatorado\experiments\factorial_design\factorial_2k\total_time\-1_-1\veteran\complement\veteran_1_complement_Info.csv,29.498576402664185,50,low,500,adaptive,3.3843420046445343,log
runtime,total_time,-1_-1,veteran,datasets\files\veteran.parquet,survival,status,2,C:\GitHub\easd_refatorado\experiments\factorial_design\factorial_2k\total_time\-1_-1\veteran\complement\veteran_2_complement_Info.csv,23.41221117973328,50,low,500,adaptive,3.153257731537502,log
runtime,total_time,-1_-1,veteran,datasets\files\veteran.parquet,survival,status,3,C:\GitHub\easd_refatorado\experiments\factorial_design\factorial_2k\total_time\-1_-1\veteran\complement\veteran_3_complement_Info.csv,22.558439254760746,50,low,500,adaptive,3.1161092422668504,log
runtime,total_time,-1_-1,veteran,datasets\files\veteran.parquet,survival,status,4,C:\GitHub\easd_refatorado\experiments\factorial_design\factorial_2k\total_time\-1_-1\veteran\complement\veteran_4_complement_Info.csv,22.640218019485477,50,low,500,adaptive,3.1197278831245465,log
runtime,total_time,-1_-1,veteran,datasets\files\veteran.parquet,survival,status,5,C:\GitHub\easd_refatorado\experiments\factorial_design\factorial_2k\total_time\-1_-1\veteran\complement\veteran_5_complement_Info.csv,16.74304509162903,50,low,500,adaptive,2.8179829536338348,log
runtime,total_time,-1_-1,veteran,datasets\files\veteran.parquet,survival,status,6,C:\GitHub\easd_refatorado\experiments\factorial_design\factorial_2k\total_time\-1_-1\veteran\complement\veteran_6_complement_Info.csv,25.60800552368164,50,low,500,adaptive,3.242905018368946,log
runtime,total_time,-1_-1,veteran,datasets\files\veteran.parquet,survival,status,7,C:\GitHub\easd_refatorado\experiments\factorial_design\factorial_2k\total_time\-1_-1\veteran\complement\veteran_7_complement_Info.csv,21.908047914505005,50,low,500,adaptive,3.0868540539970915,log
runtime,total_time,-1_-1,veteran,datasets\files\veteran.parquet,survival,status,8,C:\GitHub\easd_refatorado\experiments\factorial_design\factorial_2k\total_time\-1_-1\veteran\complement\veteran_8_complement_Info.csv,9.253180027008057,50,low,500,adaptive,2.2249672791467994,log
runtime,total_time,-1_-1,veteran,datasets\files\veteran.parquet,survival,status,9,C:\GitHub\easd_refatorado\experiments\factorial_design\factorial_2k\total_time\-1_-1\veteran\complement\veteran_9_complement_Info.csv,40.38407039642334,50,low,500,adaptive,3.6984354100933214,log
runtime,total_time,+1_-1,veteran,datasets\files\veteran.parquet,survival,status,0,C:\GitHub\easd_refatorado\experiments\factorial_design\factorial_2k\total_time\+1_-1\veteran\complement\veteran_0_complement_Info.csv,327.3577170372009,1000,low,500,adaptive,5.791053508878976,log
runtime,total_time,+1_-1,veteran,datasets\files\veteran.parquet,survival,status,10,C:\GitHub\easd_refatorado\experiments\factorial_design\factorial_2k\total_time\+1_-1\veteran\complement\veteran_10_complement_Info.csv,471.6670341491699,1000,low,500,adaptive,6.156273300523773,log
runtime,total_time,+1_-1,veteran,datasets\files\veteran.parquet,survival,status,11,C:\GitHub\easd_refatorado\experiments\factorial_design\factorial_2k\total_time\+1_-1\veteran\complement\veteran_11_complement_Info.csv,447.7629585266113,1000,low,500,adaptive,6.104263981954994,log
runtime,total_time,+1_-1,veteran,datasets\files\veteran.parquet,survival,status,12,C:\GitHub\easd_refatorado\experiments\factorial_design\factorial_2k\total_time\+1_-1\veteran\complement\veteran_12_complement_Info.csv,430.2167773246765,1000,low,500,adaptive,6.064289214968303,log
runtime,total_time,+1_-1,veteran,datasets\files\veteran.parquet,survival,status,13,C:\GitHub\easd_refatorado\experiments\factorial_design\factorial_2k\total_time\+1_-1\veteran\complement\veteran_13_complement_Info.csv,372.7814593315125,1000,low,500,adaptive,5.920992348021872,log
runtime,total_time,+1_-1,veteran,datasets\files\veteran.parquet,survival,status,14,C:\GitHub\easd_refatorado\experiments\factorial_design\factorial_2k\total_time\+1_-1\veteran\complement\veteran_14_complement_Info.csv,487.1592602729797,1000,low,500,adaptive,6.188591092769977,log
runtime,total_time,+1_-1,veteran,datasets\files\veteran.parquet,survival,status,1,C:\GitHub\easd_refatorado\experiments\factorial_design\factorial_2k\total_time\+1_-1\veteran\complement\veteran_1_complement_Info.csv,330.2920336723328,1000,low,500,adaptive,5.799977213644893,log
runtime,total_time,+1_-1,veteran,datasets\files\veteran.parquet,survival,status,2,C:\GitHub\easd_refatorado\experiments\factorial_design\factorial_2k\total_time\+1_-1\veteran\complement\veteran_2_complement_Info.csv,273.54050946235657,1000,low,500,adaptive,5.611449725930125,log
runtime,total_time,+1_-1,veteran,datasets\files\veteran.parquet,survival,status,3,C:\GitHub\easd_refatorado\experiments\factorial_design\factorial_2k\total_time\+1_-1\veteran\complement\veteran_3_complement_Info.csv,353.0225732326508,1000,low,500,adaptive,5.86653200172349,log
runtime,total_time,+1_-1,veteran,datasets\files\veteran.parquet,survival,status,4,C:\GitHub\easd_refatorado\experiments\factorial_design\factorial_2k\total_time\+1_-1\veteran\complement\veteran_4_complement_Info.csv,518.5823934078217,1000,low,500,adaptive,6.251098922292649,log
runtime,total_time,+1_-1,veteran,datasets\files\veteran.parquet,survival,status,5,C:\GitHub\easd_refatorado\experiments\factorial_design\factorial_2k\total_time\+1_-1\veteran\complement\veteran_5_complement_Info.csv,384.37495493888855,1000,low,500,adaptive,5.951618521328616,log
runtime,total_time,+1_-1,veteran,datasets\files\veteran.parquet,survival,status,6,C:\GitHub\easd_refatorado\experiments\factorial_design\factorial_2k\total_time\+1_-1\veteran\complement\veteran_6_complement_Info.csv,457.873309135437,1000,low,500,adaptive,6.126592528240262,log
runtime,total_time,+1_-1,veteran,datasets\files\veteran.parquet,survival,status,7,C:\GitHub\easd_refatorado\experiments\factorial_design\factorial_2k\total_time\+1_-1\veteran\complement\veteran_7_complement_Info.csv,535.7147343158722,1000,low,500,adaptive,6.283601807298421,log
runtime,total_time,+1_-1,veteran,datasets\files\veteran.parquet,survival,status,8,C:\GitHub\easd_refatorado\experiments\factorial_design\factorial_2k\total_time\+1_-1\veteran\complement\veteran_8_complement_Info.csv,483.9253165721893,1000,low,500,adaptive,6.1819305902075365,log
runtime,total_time,+1_-1,veteran,datasets\files\veteran.parquet,survival,status,9,C:\GitHub\easd_refatorado\experiments\factorial_design\factorial_2k\total_time\+1_-1\veteran\complement\veteran_9_complement_Info.csv,250.95361304283145,1000,low,500,adaptive,5.525268113458274,log
runtime,total_time,-1_+1,mgus2,datasets\files\mgus2.parquet,futime,status,0,C:\GitHub\easd_refatorado\experiments\factorial_design\factorial_2k\total_time\-1_+1\mgus2\complement\mgus2_0_complement_Info.csv,73.79553127288818,50,high,500,adaptive,4.301298177915205,log
runtime,total_time,-1_+1,mgus2,datasets\files\mgus2.parquet,futime,status,10,C:\GitHub\easd_refatorado\experiments\factorial_design\factorial_2k\total_time\-1_+1\mgus2\complement\mgus2_10_complement_Info.csv,37.0089213848114,50,high,500,adaptive,3.611159002088245,log
runtime,total_time,-1_+1,mgus2,datasets\files\mgus2.parquet,futime,status,11,C:\GitHub\easd_refatorado\experiments\factorial_design\factorial_2k\total_time\-1_+1\mgus2\complement\mgus2_11_complement_Info.csv,41.697285175323486,50,high,500,adaptive,3.730436022976148,log
runtime,total_time,-1_+1,mgus2,datasets\files\mgus2.parquet,futime,status,12,C:\GitHub\easd_refatorado\experiments\factorial_design\factorial_2k\total_time\-1_+1\mgus2\complement\mgus2_12_complement_Info.csv,44.18951940536499,50,high,500,adaptive,3.7884876434411683,log
runtime,total_time,-1_+1,mgus2,datasets\files\mgus2.parquet,futime,status,13,C:\GitHub\easd_refatorado\experiments\factorial_design\factorial_2k\total_time\-1_+1\mgus2\complement\mgus2_13_complement_Info.csv,40.946125984191895,50,high,500,adaptive,3.712257202263242,log
runtime,total_time,-1_+1,mgus2,datasets\files\mgus2.parquet,futime,status,14,C:\GitHub\easd_refatorado\experiments\factorial_design\factorial_2k\total_time\-1_+1\mgus2\complement\mgus2_14_complement_Info.csv,43.7826247215271,50,high,500,adaptive,3.779237042822239,log
runtime,total_time,-1_+1,mgus2,datasets\files\mgus2.parquet,futime,status,1,C:\GitHub\easd_refatorado\experiments\factorial_design\factorial_2k\total_time\-1_+1\mgus2\complement\mgus2_1_complement_Info.csv,39.00809001922608,50,high,500,adaptive,3.6637690610081055,log
runtime,total_time,-1_+1,mgus2,datasets\files\mgus2.parquet,futime,status,2,C:\GitHub\easd_refatorado\experiments\factorial_design\factorial_2k\total_time\-1_+1\mgus2\complement\mgus2_2_complement_Info.csv,55.35476422309876,50,high,500,adaptive,4.0137627299418455,log
runtime,total_time,-1_+1,mgus2,datasets\files\mgus2.parquet,futime,status,3,C:\GitHub\easd_refatorado\experiments\factorial_design\factorial_2k\total_time\-1_+1\mgus2\complement\mgus2_3_complement_Info.csv,52.78803706169128,50,high,500,adaptive,3.966284594239873,log
runtime,total_time,-1_+1,mgus2,datasets\files\mgus2.parquet,futime,status,4,C:\GitHub\easd_refatorado\experiments\factorial_design\factorial_2k\total_time\-1_+1\mgus2\complement\mgus2_4_complement_Info.csv,28.14519238471985,50,high,500,adaptive,3.3373765543774336,log
runtime,total_time,-1_+1,mgus2,datasets\files\mgus2.parquet,futime,status,5,C:\GitHub\easd_refatorado\experiments\factorial_design\factorial_2k\total_time\-1_+1\mgus2\complement\mgus2_5_complement_Info.csv,33.88789772987366,50,high,500,adaptive,3.5230579515282776,log
runtime,total_time,-1_+1,mgus2,datasets\files\mgus2.parquet,futime,status,6,C:\GitHub\easd_refatorado\experiments\factorial_design\factorial_2k\total_time\-1_+1\mgus2\complement\mgus2_6_complement_Info.csv,70.72085237503052,50,high,500,adaptive,4.258740471071099,log
runtime,total_time,-1_+1,mgus2,datasets\files\mgus2.parquet,futime,status,7,C:\GitHub\easd_refatorado\experiments\factorial_design\factorial_2k\total_time\-1_+1\mgus2\complement\mgus2_7_complement_Info.csv,71.55151510238647,50,high,500,adaptive,4.270417681213434,log
runtime,total_time,-1_+1,mgus2,datasets\files\mgus2.parquet,futime,status,8,C:\GitHub\easd_refatorado\experiments\factorial_design\factorial_2k\total_time\-1_+1\mgus2\complement\mgus2_8_complement_Info.csv,85.11077404022217,50,high,500,adaptive,4.443953632033605,log
runtime,total_time,-1_+1,mgus2,datasets\files\mgus2.parquet,futime,status,9,C:\GitHub\easd_refatorado\experiments\factorial_design\factorial_2k\total_time\-1_+1\mgus2\complement\mgus2_9_complement_Info.csv,29.55330371856689,50,high,500,adaptive,3.3861955385695754,log
runtime,total_time,+1_+1,mgus2,datasets\files\mgus2.parquet,futime,status,0,C:\GitHub\easd_refatorado\experiments\factorial_design\factorial_2k\total_time\+1_+1\mgus2\complement\mgus2_0_complement_Info.csv,798.4024765491486,1000,high,500,adaptive,6.68261282688266,log
runtime,total_time,+1_+1,mgus2,datasets\files\mgus2.parquet,futime,status,10,C:\GitHub\easd_refatorado\experiments\factorial_design\factorial_2k\total_time\+1_+1\mgus2\complement\mgus2_10_complement_Info.csv,779.0015211105347,1000,high,500,adaptive,6.658012998513944,log
runtime,total_time,+1_+1,mgus2,datasets\files\mgus2.parquet,futime,status,11,C:\GitHub\easd_refatorado\experiments\factorial_design\factorial_2k\total_time\+1_+1\mgus2\complement\mgus2_11_complement_Info.csv,662.3847768306732,1000,high,500,adaptive,6.495846620969211,log
runtime,total_time,+1_+1,mgus2,datasets\files\mgus2.parquet,futime,status,12,C:\GitHub\easd_refatorado\experiments\factorial_design\factorial_2k\total_time\+1_+1\mgus2\complement\mgus2_12_complement_Info.csv,889.8494548797607,1000,high,500,adaptive,6.791052296597909,log
runtime,total_time,+1_+1,mgus2,datasets\files\mgus2.parquet,futime,status,13,C:\GitHub\easd_refatorado\experiments\factorial_design\factorial_2k\total_time\+1_+1\mgus2\complement\mgus2_13_complement_Info.csv,712.3054642677307,1000,high,500,adaptive,6.568506842255924,log
runtime,total_time,+1_+1,mgus2,datasets\files\mgus2.parquet,futime,status,14,C:\GitHub\easd_refatorado\experiments\factorial_design\factorial_2k\total_time\+1_+1\mgus2\complement\mgus2_14_complement_Info.csv,1141.6891238689425,1000,high,500,adaptive,7.040264132376893,log
runtime,total_time,+1_+1,mgus2,datasets\files\mgus2.parquet,futime,status,1,C:\GitHub\easd_refatorado\experiments\factorial_design\factorial_2k\total_time\+1_+1\mgus2\complement\mgus2_1_complement_Info.csv,625.7026398181915,1000,high,500,adaptive,6.438875241979263,log
runtime,total_time,+1_+1,mgus2,datasets\files\mgus2.parquet,futime,status,2,C:\GitHub\easd_refatorado\experiments\factorial_design\factorial_2k\total_time\+1_+1\mgus2\complement\mgus2_2_complement_Info.csv,1031.3035044670105,1000,high,500,adaptive,6.938578819422534,log
runtime,total_time,+1_+1,mgus2,datasets\files\mgus2.parquet,futime,status,3,C:\GitHub\easd_refatorado\experiments\factorial_design\factorial_2k\total_time\+1_+1\mgus2\complement\mgus2_3_complement_Info.csv,671.7314283847809,1000,high,500,adaptive,6.509858600496055,log
runtime,total_time,+1_+1,mgus2,datasets\files\mgus2.parquet,futime,status,4,C:\GitHub\easd_refatorado\experiments\factorial_design\factorial_2k\total_time\+1_+1\mgus2\complement\mgus2_4_complement_Info.csv,825.8632264137268,1000,high,500,adaptive,6.716429174354657,log
runtime,total_time,+1_+1,mgus2,datasets\files\mgus2.parquet,futime,status,5,C:\GitHub\easd_refatorado\experiments\factorial_design\factorial_2k\total_time\+1_+1\mgus2\complement\mgus2_5_complement_Info.csv,660.5264310836792,1000,high,500,adaptive,6.49303713994247,log
runtime,total_time,+1_+1,mgus2,datasets\files\mgus2.parquet,futime,status,6,C:\GitHub\easd_refatorado\experiments\factorial_design\factorial_2k\total_time\+1_+1\mgus2\complement\mgus2_6_complement_Info.csv,574.924525976181,1000,high,500,adaptive,6.354238773010253,log
runtime,total_time,+1_+1,mgus2,datasets\files\mgus2.parquet,futime,status,7,C:\GitHub\easd_refatorado\experiments\factorial_design\factorial_2k\total_time\+1_+1\mgus2\complement\mgus2_7_complement_Info.csv,776.1834766864777,1000,high,500,adaptive,6.654388931264883,log
runtime,total_time,+1_+1,mgus2,datasets\files\mgus2.parquet,futime,status,8,C:\GitHub\easd_refatorado\experiments\factorial_design\factorial_2k\total_time\+1_+1\mgus2\complement\mgus2_8_complement_Info.csv,657.1384162902832,1000,high,500,adaptive,6.487894675579905,log
runtime,total_time,+1_+1,mgus2,datasets\files\mgus2.parquet,futime,status,9,C:\GitHub\easd_refatorado\experiments\factorial_design\factorial_2k\total_time\+1_+1\mgus2\complement\mgus2_9_complement_Info.csv,664.8857324123383,1000,high,500,adaptive,6.499615194932334,log
