experiment,response,config,dataset_name,dataset_path,time_col,event_col,execution,response_file,y_raw,population,generations,rate_policy,alpha,y,response_transform,transform_epsilon
topk_quality,mean_rule_score,-1_-1,cancer,datasets\files\cancer.parquet,time,status,0,C:\GitHub\easd_refatorado\experiments\factorial_design\factorial_2k\mean_rule_score\-1_-1\cancer\complement\cancer_0_complement_DetailedRules.csv,0.8935624941937321,50,500,adaptive,0.1,2.12765826231763,logit,1e-06
topk_quality,mean_rule_score,-1_-1,cancer,datasets\files\cancer.parquet,time,status,10,C:\GitHub\easd_refatorado\experiments\factorial_design\factorial_2k\mean_rule_score\-1_-1\cancer\complement\cancer_10_complement_DetailedRules.csv,0.8930954028877904,50,500,adaptive,0.1,2.1227565883486115,logit,1e-06
topk_quality,mean_rule_score,-1_-1,cancer,datasets\files\cancer.parquet,time,status,11,C:\GitHub\easd_refatorado\experiments\factorial_design\factorial_2k\mean_rule_score\-1_-1\cancer\complement\cancer_11_complement_DetailedRules.csv,0.8860856879500307,50,500,adaptive,0.1,2.051367142110032,logit,1e-06
topk_quality,mean_rule_score,-1_-1,cancer,datasets\files\cancer.parquet,time,status,12,C:\GitHub\easd_refatorado\experiments\factorial_design\factorial_2k\mean_rule_score\-1_-1\cancer\complement\cancer_12_complement_DetailedRules.csv,0.8876701106955519,50,500,adaptive,0.1,2.0671601948022023,logit,1e-06
topk_quality,mean_rule_score,-1_-1,cancer,datasets\files\cancer.parquet,time,status,13,C:\GitHub\easd_refatorado\experiments\factorial_design\factorial_2k\mean_rule_score\-1_-1\cancer\complement\cancer_13_complement_DetailedRules.csv,0.8910524778875756,50,500,adaptive,0.1,2.1015370056920624,logit,1e-06
topk_quality,mean_rule_score,-1_-1,cancer,datasets\files\cancer.parquet,time,status,14,C:\GitHub\easd_refatorado\experiments\factorial_design\factorial_2k\mean_rule_score\-1_-1\cancer\complement\cancer_14_complement_DetailedRules.csv,0.8715083871507586,50,500,adaptive,0.1,1.9143618561747526,logit,1e-06
topk_quality,mean_rule_score,-1_-1,cancer,datasets\files\cancer.parquet,time,status,1,C:\GitHub\easd_refatorado\experiments\factorial_design\factorial_2k\mean_rule_score\-1_-1\cancer\complement\cancer_1_complement_DetailedRules.csv,0.8710481215015153,50,500,adaptive,0.1,1.910257924021585,logit,1e-06
topk_quality,mean_rule_score,-1_-1,cancer,datasets\files\cancer.parquet,time,status,2,C:\GitHub\easd_refatorado\experiments\factorial_design\factorial_2k\mean_rule_score\-1_-1\cancer\complement\cancer_2_complement_DetailedRules.csv,0.8911521183470539,50,500,adaptive,0.1,2.102563814227604,logit,1e-06
topk_quality,mean_rule_score,-1_-1,cancer,datasets\files\cancer.parquet,time,status,3,C:\GitHub\easd_refatorado\experiments\factorial_design\factorial_2k\mean_rule_score\-1_-1\cancer\complement\cancer_3_complement_DetailedRules.csv,0.8863551622567281,50,500,adaptive,0.1,2.0540396037585436,logit,1e-06
topk_quality,mean_rule_score,-1_-1,cancer,datasets\files\cancer.parquet,time,status,4,C:\GitHub\easd_refatorado\experiments\factorial_design\factorial_2k\mean_rule_score\-1_-1\cancer\complement\cancer_4_complement_DetailedRules.csv,0.8711083305093291,50,500,adaptive,0.1,1.910794063819789,logit,1e-06
topk_quality,mean_rule_score,-1_-1,cancer,datasets\files\cancer.parquet,time,status,5,C:\GitHub\easd_refatorado\experiments\factorial_design\factorial_2k\mean_rule_score\-1_-1\cancer\complement\cancer_5_complement_DetailedRules.csv,0.8840206754687123,50,500,adaptive,0.1,2.0310685124823484,logit,1e-06
topk_quality,mean_rule_score,-1_-1,cancer,datasets\files\cancer.parquet,time,status,6,C:\GitHub\easd_refatorado\experiments\factorial_design\factorial_2k\mean_rule_score\-1_-1\cancer\complement\cancer_6_complement_DetailedRules.csv,0.8838766883525278,50,500,adaptive,0.1,2.0296649021614654,logit,1e-06
topk_quality,mean_rule_score,-1_-1,cancer,datasets\files\cancer.parquet,time,status,7,C:\GitHub\easd_refatorado\experiments\factorial_design\factorial_2k\mean_rule_score\-1_-1\cancer\complement\cancer_7_complement_DetailedRules.csv,0.8783731694318794,50,500,adaptive,0.1,1.977113934158071,logit,1e-06
topk_quality,mean_rule_score,-1_-1,cancer,datasets\files\cancer.parquet,time,status,8,C:\GitHub\easd_refatorado\experiments\factorial_design\factorial_2k\mean_rule_score\-1_-1\cancer\complement\cancer_8_complement_DetailedRules.csv,0.8703070828898752,50,500,adaptive,0.1,1.9036766381683565,logit,1e-06
topk_quality,mean_rule_score,-1_-1,cancer,datasets\files\cancer.parquet,time,status,9,C:\GitHub\easd_refatorado\experiments\factorial_design\factorial_2k\mean_rule_score\-1_-1\cancer\complement\cancer_9_complement_DetailedRules.csv,0.8843704026857336,50,500,adaptive,0.1,2.0344840268435584,logit,1e-06
topk_quality,mean_rule_score,+1_-1,cancer,datasets\files\cancer.parquet,time,status,0,C:\GitHub\easd_refatorado\experiments\factorial_design\factorial_2k\mean_rule_score\+1_-1\cancer\complement\cancer_0_complement_DetailedRules.csv,0.4661633187250122,50,500,adaptive,0.7,-0.13555390977991597,logit,1e-06
topk_quality,mean_rule_score,+1_-1,cancer,datasets\files\cancer.parquet,time,status,10,C:\GitHub\easd_refatorado\experiments\factorial_design\factorial_2k\mean_rule_score\+1_-1\cancer\complement\cancer_10_complement_DetailedRules.csv,0.5083172400268807,50,500,adaptive,0.7,0.033272029189890896,logit,1e-06
topk_quality,mean_rule_score,+1_-1,cancer,datasets\files\cancer.parquet,time,status,11,C:\GitHub\easd_refatorado\experiments\factorial_design\factorial_2k\mean_rule_score\+1_-1\cancer\complement\cancer_11_complement_DetailedRules.csv,0.47383686321374513,50,500,adaptive,0.7,-0.10474821861415774,logit,1e-06
topk_quality,mean_rule_score,+1_-1,cancer,datasets\files\cancer.parquet,time,status,12,C:\GitHub\easd_refatorado\experiments\factorial_design\factorial_2k\mean_rule_score\+1_-1\cancer\complement\cancer_12_complement_DetailedRules.csv,0.4887000231308761,50,500,adaptive,0.7,-0.045207605239058576,logit,1e-06
topk_quality,mean_rule_score,+1_-1,cancer,datasets\files\cancer.parquet,time,status,13,C:\GitHub\easd_refatorado\experiments\factorial_design\factorial_2k\mean_rule_score\+1_-1\cancer\complement\cancer_13_complement_DetailedRules.csv,0.5475204853576089,50,500,adaptive,0.7,0.19065738656230205,logit,1e-06
topk_quality,mean_rule_score,+1_-1,cancer,datasets\files\cancer.parquet,time,status,14,C:\GitHub\easd_refatorado\experiments\factorial_design\factorial_2k\mean_rule_score\+1_-1\cancer\complement\cancer_14_complement_DetailedRules.csv,0.5150771153881833,50,500,adaptive,0.7,0.06032675057672221,logit,1e-06
topk_quality,mean_rule_score,+1_-1,cancer,datasets\files\cancer.parquet,time,status,1,C:\GitHub\easd_refatorado\experiments\factorial_design\factorial_2k\mean_rule_score\+1_-1\cancer\complement\cancer_1_complement_DetailedRules.csv,0.5213101752695052,50,500,adaptive,0.7,0.0852923704860119,logit,1e-06
topk_quality,mean_rule_score,+1_-1,cancer,datasets\files\cancer.parquet,time,status,2,C:\GitHub\easd_refatorado\experiments\factorial_design\factorial_2k\mean_rule_score\+1_-1\cancer\complement\cancer_2_complement_DetailedRules.csv,0.5521166881468991,50,500,adaptive,0.7,0.2092266816329425,logit,1e-06
topk_quality,mean_rule_score,+1_-1,cancer,datasets\files\cancer.parquet,time,status,3,C:\GitHub\easd_refatorado\experiments\factorial_design\factorial_2k\mean_rule_score\+1_-1\cancer\complement\cancer_3_complement_DetailedRules.csv,0.5139156456011498,50,500,adaptive,0.7,0.05567696080951199,logit,1e-06
topk_quality,mean_rule_score,+1_-1,cancer,datasets\files\cancer.parquet,time,status,4,C:\GitHub\easd_refatorado\experiments\factorial_design\factorial_2k\mean_rule_score\+1_-1\cancer\complement\cancer_4_complement_DetailedRules.csv,0.4829699385303544,50,500,adaptive,0.7,-0.06814660614606864,logit,1e-06
topk_quality,mean_rule_score,+1_-1,cancer,datasets\files\cancer.parquet,time,status,5,C:\GitHub\easd_refatorado\experiments\factorial_design\factorial_2k\mean_rule_score\+1_-1\cancer\complement\cancer_5_complement_DetailedRules.csv,0.5020724689614415,50,500,adaptive,0.7,0.008289923321021592,logit,1e-06
topk_quality,mean_rule_score,+1_-1,cancer,datasets\files\cancer.parquet,time,status,6,C:\GitHub\easd_refatorado\experiments\factorial_design\factorial_2k\mean_rule_score\+1_-1\cancer\complement\cancer_6_complement_DetailedRules.csv,0.4875923339372684,50,500,adaptive,0.7,-0.049640855549413034,logit,1e-06
topk_quality,mean_rule_score,+1_-1,cancer,datasets\files\cancer.parquet,time,status,7,C:\GitHub\easd_refatorado\experiments\factorial_design\factorial_2k\mean_rule_score\+1_-1\cancer\complement\cancer_7_complement_DetailedRules.csv,0.5081091969635176,50,500,adaptive,0.7,0.03243963232057345,logit,1e-06
topk_quality,mean_rule_score,+1_-1,cancer,datasets\files\cancer.parquet,time,status,8,C:\GitHub\easd_refatorado\experiments\factorial_design\factorial_2k\mean_rule_score\+1_-1\cancer\complement\cancer_8_complement_DetailedRules.csv,0.48778469496606397,50,500,adaptive,0.7,-0.04887094463487972,logit,1e-06
topk_quality,mean_rule_score,+1_-1,cancer,datasets\files\cancer.parquet,time,status,9,C:\GitHub\easd_refatorado\experiments\factorial_design\factorial_2k\mean_rule_score\+1_-1\cancer\complement\cancer_9_complement_DetailedRules.csv,0.4328846688300024,50,500,adaptive,0.7,-0.2700913502044284,logit,1e-06
topk_quality,mean_rule_score,-1_+1,cancer,datasets\files\cancer.parquet,time,status,0,C:\GitHub\easd_refatorado\experiments\factorial_design\factorial_2k\mean_rule_score\-1_+1\cancer\complement\cancer_0_complement_DetailedRules.csv,0.9111649030739575,500,500,adaptive,0.1,2.3279420865658373,logit,1e-06
topk_quality,mean_rule_score,-1_+1,cancer,datasets\files\cancer.parquet,time,status,10,C:\GitHub\easd_refatorado\experiments\factorial_design\factorial_2k\mean_rule_score\-1_+1\cancer\complement\cancer_10_complement_DetailedRules.csv,0.9145267215578347,500,500,adaptive,0.1,2.37020289300553,logit,1e-06
topk_quality,mean_rule_score,-1_+1,cancer,datasets\files\cancer.parquet,time,status,11,C:\GitHub\easd_refatorado\experiments\factorial_design\factorial_2k\mean_rule_score\-1_+1\cancer\complement\cancer_11_complement_DetailedRules.csv,0.911135996372268,500,500,adaptive,0.1,2.32758501668684,logit,1e-06
topk_quality,mean_rule_score,-1_+1,cancer,datasets\files\cancer.parquet,time,status,12,C:\GitHub\easd_refatorado\experiments\factorial_design\factorial_2k\mean_rule_score\-1_+1\cancer\complement\cancer_12_complement_DetailedRules.csv,0.9066925187780512,500,500,adaptive,0.1,2.2739030943480905,logit,1e-06
topk_quality,mean_rule_score,-1_+1,cancer,datasets\files\cancer.parquet,time,status,13,C:\GitHub\easd_refatorado\experiments\factorial_design\factorial_2k\mean_rule_score\-1_+1\cancer\complement\cancer_13_complement_DetailedRules.csv,0.91536755159907,500,500,adaptive,0.1,2.3810079364403034,logit,1e-06
topk_quality,mean_rule_score,-1_+1,cancer,datasets\files\cancer.parquet,time,status,14,C:\GitHub\easd_refatorado\experiments\factorial_design\factorial_2k\mean_rule_score\-1_+1\cancer\complement\cancer_14_complement_DetailedRules.csv,0.9089798011578747,500,500,adaptive,0.1,2.301241425797879,logit,1e-06
topk_quality,mean_rule_score,-1_+1,cancer,datasets\files\cancer.parquet,time,status,1,C:\GitHub\easd_refatorado\experiments\factorial_design\factorial_2k\mean_rule_score\-1_+1\cancer\complement\cancer_1_complement_DetailedRules.csv,0.9128127011625612,500,500,adaptive,0.1,2.3484720481865082,logit,1e-06
topk_quality,mean_rule_score,-1_+1,cancer,datasets\files\cancer.parquet,time,status,2,C:\GitHub\easd_refatorado\experiments\factorial_design\factorial_2k\mean_rule_score\-1_+1\cancer\complement\cancer_2_complement_DetailedRules.csv,0.9068085983915125,500,500,adaptive,0.1,2.2752759406981333,logit,1e-06
topk_quality,mean_rule_score,-1_+1,cancer,datasets\files\cancer.parquet,time,status,3,C:\GitHub\easd_refatorado\experiments\factorial_design\factorial_2k\mean_rule_score\-1_+1\cancer\complement\cancer_3_complement_DetailedRules.csv,0.9053418002001548,500,500,adaptive,0.1,2.2580400454168625,logit,1e-06
topk_quality,mean_rule_score,-1_+1,cancer,datasets\files\cancer.parquet,time,status,4,C:\GitHub\easd_refatorado\experiments\factorial_design\factorial_2k\mean_rule_score\-1_+1\cancer\complement\cancer_4_complement_DetailedRules.csv,0.912249650518364,500,500,adaptive,0.1,2.3414178471832012,logit,1e-06
topk_quality,mean_rule_score,-1_+1,cancer,datasets\files\cancer.parquet,time,status,5,C:\GitHub\easd_refatorado\experiments\factorial_design\factorial_2k\mean_rule_score\-1_+1\cancer\complement\cancer_5_complement_DetailedRules.csv,0.905239238888891,500,500,adaptive,0.1,2.2568438498828636,logit,1e-06
topk_quality,mean_rule_score,-1_+1,cancer,datasets\files\cancer.parquet,time,status,6,C:\GitHub\easd_refatorado\experiments\factorial_design\factorial_2k\mean_rule_score\-1_+1\cancer\complement\cancer_6_complement_DetailedRules.csv,0.8998442084646973,500,500,adaptive,0.1,2.1954947575846595,logit,1e-06
topk_quality,mean_rule_score,-1_+1,cancer,datasets\files\cancer.parquet,time,status,7,C:\GitHub\easd_refatorado\experiments\factorial_design\factorial_2k\mean_rule_score\-1_+1\cancer\complement\cancer_7_complement_DetailedRules.csv,0.9092653677855982,500,500,adaptive,0.1,2.304697868515721,logit,1e-06
topk_quality,mean_rule_score,-1_+1,cancer,datasets\files\cancer.parquet,time,status,8,C:\GitHub\easd_refatorado\experiments\factorial_design\factorial_2k\mean_rule_score\-1_+1\cancer\complement\cancer_8_complement_DetailedRules.csv,0.9003434240449998,500,500,adaptive,0.1,2.201046237814196,logit,1e-06
topk_quality,mean_rule_score,-1_+1,cancer,datasets\files\cancer.parquet,time,status,9,C:\GitHub\easd_refatorado\experiments\factorial_design\factorial_2k\mean_rule_score\-1_+1\cancer\complement\cancer_9_complement_DetailedRules.csv,0.9042391617205038,500,500,adaptive,0.1,2.245240069653444,logit,1e-06
topk_quality,mean_rule_score,+1_+1,cancer,datasets\files\cancer.parquet,time,status,0,C:\GitHub\easd_refatorado\experiments\factorial_design\factorial_2k\mean_rule_score\+1_+1\cancer\complement\cancer_0_complement_DetailedRules.csv,0.5627567349700258,500,500,adaptive,0.7,0.2523577369150214,logit,1e-06
topk_quality,mean_rule_score,+1_+1,cancer,datasets\files\cancer.parquet,time,status,10,C:\GitHub\easd_refatorado\experiments\factorial_design\factorial_2k\mean_rule_score\+1_+1\cancer\complement\cancer_10_complement_DetailedRules.csv,0.5779848121019364,500,500,adaptive,0.7,0.31450628801874336,logit,1e-06
topk_quality,mean_rule_score,+1_+1,cancer,datasets\files\cancer.parquet,time,status,11,C:\GitHub\easd_refatorado\experiments\factorial_design\factorial_2k\mean_rule_score\+1_+1\cancer\complement\cancer_11_complement_DetailedRules.csv,0.5708853652893302,500,500,adaptive,0.7,0.28546433117554254,logit,1e-06
topk_quality,mean_rule_score,+1_+1,cancer,datasets\files\cancer.parquet,time,status,12,C:\GitHub\easd_refatorado\experiments\factorial_design\factorial_2k\mean_rule_score\+1_+1\cancer\complement\cancer_12_complement_DetailedRules.csv,0.5793086678632487,500,500,adaptive,0.7,0.3199360536871854,logit,1e-06
topk_quality,mean_rule_score,+1_+1,cancer,datasets\files\cancer.parquet,time,status,13,C:\GitHub\easd_refatorado\experiments\factorial_design\factorial_2k\mean_rule_score\+1_+1\cancer\complement\cancer_13_complement_DetailedRules.csv,0.5764365465474632,500,500,adaptive,0.7,0.30816193302603817,logit,1e-06
topk_quality,mean_rule_score,+1_+1,cancer,datasets\files\cancer.parquet,time,status,14,C:\GitHub\easd_refatorado\experiments\factorial_design\factorial_2k\mean_rule_score\+1_+1\cancer\complement\cancer_14_complement_DetailedRules.csv,0.568807672226021,500,500,adaptive,0.7,0.2769881401358995,logit,1e-06
topk_quality,mean_rule_score,+1_+1,cancer,datasets\files\cancer.parquet,time,status,1,C:\GitHub\easd_refatorado\experiments\factorial_design\factorial_2k\mean_rule_score\+1_+1\cancer\complement\cancer_1_complement_DetailedRules.csv,0.6006032776380026,500,500,adaptive,0.7,0.4079793982636419,logit,1e-06
topk_quality,mean_rule_score,+1_+1,cancer,datasets\files\cancer.parquet,time,status,2,C:\GitHub\easd_refatorado\experiments\factorial_design\factorial_2k\mean_rule_score\+1_+1\cancer\complement\cancer_2_complement_DetailedRules.csv,0.6020156226600237,500,500,adaptive,0.7,0.41387064463520135,logit,1e-06
topk_quality,mean_rule_score,+1_+1,cancer,datasets\files\cancer.parquet,time,status,3,C:\GitHub\easd_refatorado\experiments\factorial_design\factorial_2k\mean_rule_score\+1_+1\cancer\complement\cancer_3_complement_DetailedRules.csv,0.5650446736328435,500,500,adaptive,0.7,0.2616614685890698,logit,1e-06
topk_quality,mean_rule_score,+1_+1,cancer,datasets\files\cancer.parquet,time,status,4,C:\GitHub\easd_refatorado\experiments\factorial_design\factorial_2k\mean_rule_score\+1_+1\cancer\complement\cancer_4_complement_DetailedRules.csv,0.5911570806105353,500,500,adaptive,0.7,0.36875074782550693,logit,1e-06
topk_quality,mean_rule_score,+1_+1,cancer,datasets\files\cancer.parquet,time,status,5,C:\GitHub\easd_refatorado\experiments\factorial_design\factorial_2k\mean_rule_score\+1_+1\cancer\complement\cancer_5_complement_DetailedRules.csv,0.5974991240499612,500,500,adaptive,0.7,0.3950555446497832,logit,1e-06
topk_quality,mean_rule_score,+1_+1,cancer,datasets\files\cancer.parquet,time,status,6,C:\GitHub\easd_refatorado\experiments\factorial_design\factorial_2k\mean_rule_score\+1_+1\cancer\complement\cancer_6_complement_DetailedRules.csv,0.5926866782508944,500,500,adaptive,0.7,0.3750831705823431,logit,1e-06
topk_quality,mean_rule_score,+1_+1,cancer,datasets\files\cancer.parquet,time,status,7,C:\GitHub\easd_refatorado\experiments\factorial_design\factorial_2k\mean_rule_score\+1_+1\cancer\complement\cancer_7_complement_DetailedRules.csv,0.5813121671537252,500,500,adaptive,0.7,0.328162292181738,logit,1e-06
topk_quality,mean_rule_score,+1_+1,cancer,datasets\files\cancer.parquet,time,status,8,C:\GitHub\easd_refatorado\experiments\factorial_design\factorial_2k\mean_rule_score\+1_+1\cancer\complement\cancer_8_complement_DetailedRules.csv,0.5734528052195901,500,500,adaptive,0.7,0.295952623826609,logit,1e-06
topk_quality,mean_rule_score,+1_+1,cancer,datasets\files\cancer.parquet,time,status,9,C:\GitHub\easd_refatorado\experiments\factorial_design\factorial_2k\mean_rule_score\+1_+1\cancer\complement\cancer_9_complement_DetailedRules.csv,0.5879857412149045,500,500,adaptive,0.7,0.35564474051773654,logit,1e-06
