experiment,response,config,dataset_name,dataset_path,time_col,event_col,execution,response_file,y_raw,population,generations,rate_policy,alpha,y,response_transform,transform_epsilon,I,q0,y_hat_main_effects,y_hat_full_factorial,A,B,AB,residual_main_effects,treatment_mean,full_factorial_minus_treatment_mean,residual_full_factorial,experiment_order,abs_residual_full_factorial,squared_residual_full_factorial
topk_quality,mean_rule_score,+1_+1,cancer,datasets\files\cancer.parquet,time,status,0,C:\GitHub\easd_refatorado\experiments\factorial_design\factorial_2k\mean_rule_score\+1_+1\cancer\complement\cancer_0_complement_DetailedRules.csv,0.5627567349700258,500,500,adaptive,0.7,0.2523577369150214,logit,1e-06,1,1.1609902157604632,0.31502590392524465,0.3306383409353373,1,1,1,-0.06266816701022326,0.33063834093533734,-5.551115123125783e-17,-0.07828060402031589,1,0.07828060402031589,0.006127852965785496
topk_quality,mean_rule_score,+1_+1,cancer,datasets\files\cancer.parquet,time,status,1,C:\GitHub\easd_refatorado\experiments\factorial_design\factorial_2k\mean_rule_score\+1_+1\cancer\complement\cancer_1_complement_DetailedRules.csv,0.6006032776380026,500,500,adaptive,0.7,0.4079793982636419,logit,1e-06,1,1.1609902157604632,0.31502590392524465,0.3306383409353373,1,1,1,0.09295349433839722,0.33063834093533734,-5.551115123125783e-17,0.0773410573283046,2,0.0773410573283046,0.0059816391486600985
topk_quality,mean_rule_score,+1_+1,cancer,datasets\files\cancer.parquet,time,status,2,C:\GitHub\easd_refatorado\experiments\factorial_design\factorial_2k\mean_rule_score\+1_+1\cancer\complement\cancer_2_complement_DetailedRules.csv,0.6020156226600237,500,500,adaptive,0.7,0.41387064463520135,logit,1e-06,1,1.1609902157604632,0.31502590392524465,0.3306383409353373,1,1,1,0.09884474070995669,0.33063834093533734,-5.551115123125783e-17,0.08323230369986406,3,0.08323230369986406,0.006927616379186405
topk_quality,mean_rule_score,+1_+1,cancer,datasets\files\cancer.parquet,time,status,3,C:\GitHub\easd_refatorado\experiments\factorial_design\factorial_2k\mean_rule_score\+1_+1\cancer\complement\cancer_3_complement_DetailedRules.csv,0.5650446736328435,500,500,adaptive,0.7,0.2616614685890698,logit,1e-06,1,1.1609902157604632,0.31502590392524465,0.3306383409353373,1,1,1,-0.053364435336174854,0.33063834093533734,-5.551115123125783e-17,-0.06897687234626748,4,0.06897687234626748,0.0047578089186732795
topk_quality,mean_rule_score,+1_+1,cancer,datasets\files\cancer.parquet,time,status,4,C:\GitHub\easd_refatorado\experiments\factorial_design\factorial_2k\mean_rule_score\+1_+1\cancer\complement\cancer_4_complement_DetailedRules.csv,0.5911570806105353,500,500,adaptive,0.7,0.36875074782550693,logit,1e-06,1,1.1609902157604632,0.31502590392524465,0.3306383409353373,1,1,1,0.053724843900262276,0.33063834093533734,-5.551115123125783e-17,0.03811240689016965,5,0.03811240689016965,0.0014525555589618509
topk_quality,mean_rule_score,+1_+1,cancer,datasets\files\cancer.parquet,time,status,5,C:\GitHub\easd_refatorado\experiments\factorial_design\factorial_2k\mean_rule_score\+1_+1\cancer\complement\cancer_5_complement_DetailedRules.csv,0.5974991240499612,500,500,adaptive,0.7,0.3950555446497832,logit,1e-06,1,1.1609902157604632,0.31502590392524465,0.3306383409353373,1,1,1,0.08002964072453855,0.33063834093533734,-5.551115123125783e-17,0.06441720371444593,6,0.06441720371444593,0.004149576134388426
topk_quality,mean_rule_score,+1_+1,cancer,datasets\files\cancer.parquet,time,status,6,C:\GitHub\easd_refatorado\experiments\factorial_design\factorial_2k\mean_rule_score\+1_+1\cancer\complement\cancer_6_complement_DetailedRules.csv,0.5926866782508944,500,500,adaptive,0.7,0.3750831705823431,logit,1e-06,1,1.1609902157604632,0.31502590392524465,0.3306383409353373,1,1,1,0.06005726665709843,0.33063834093533734,-5.551115123125783e-17,0.0444448296470058,7,0.0444448296470058,0.0019753428823513657
topk_quality,mean_rule_score,+1_+1,cancer,datasets\files\cancer.parquet,time,status,7,C:\GitHub\easd_refatorado\experiments\factorial_design\factorial_2k\mean_rule_score\+1_+1\cancer\complement\cancer_7_complement_DetailedRules.csv,0.5813121671537252,500,500,adaptive,0.7,0.328162292181738,logit,1e-06,1,1.1609902157604632,0.31502590392524465,0.3306383409353373,1,1,1,0.013136388256493325,0.33063834093533734,-5.551115123125783e-17,-0.0024760487535993025,8,0.0024760487535993025,6.130817430200659e-06
topk_quality,mean_rule_score,+1_+1,cancer,datasets\files\cancer.parquet,time,status,8,C:\GitHub\easd_refatorado\experiments\factorial_design\factorial_2k\mean_rule_score\+1_+1\cancer\complement\cancer_8_complement_DetailedRules.csv,0.5734528052195901,500,500,adaptive,0.7,0.295952623826609,logit,1e-06,1,1.1609902157604632,0.31502590392524465,0.3306383409353373,1,1,1,-0.01907328009863568,0.33063834093533734,-5.551115123125783e-17,-0.03468571710872831,9,0.03468571710872831,0.0012030989713467278
topk_quality,mean_rule_score,+1_+1,cancer,datasets\files\cancer.parquet,time,status,9,C:\GitHub\easd_refatorado\experiments\factorial_design\factorial_2k\mean_rule_score\+1_+1\cancer\complement\cancer_9_complement_DetailedRules.csv,0.5879857412149045,500,500,adaptive,0.7,0.35564474051773654,logit,1e-06,1,1.1609902157604632,0.31502590392524465,0.3306383409353373,1,1,1,0.04061883659249188,0.33063834093533734,-5.551115123125783e-17,0.025006399582399252,10,0.025006399582399252,0.0006253200200746175
topk_quality,mean_rule_score,+1_+1,cancer,datasets\files\cancer.parquet,time,status,10,C:\GitHub\easd_refatorado\experiments\factorial_design\factorial_2k\mean_rule_score\+1_+1\cancer\complement\cancer_10_complement_DetailedRules.csv,0.5779848121019364,500,500,adaptive,0.7,0.31450628801874336,logit,1e-06,1,1.1609902157604632,0.31502590392524465,0.3306383409353373,1,1,1,-0.0005196159065012917,0.33063834093533734,-5.551115123125783e-17,-0.01613205291659392,11,0.01613205291659392,0.0002602431313037864
topk_quality,mean_rule_score,+1_+1,cancer,datasets\files\cancer.parquet,time,status,11,C:\GitHub\easd_refatorado\experiments\factorial_design\factorial_2k\mean_rule_score\+1_+1\cancer\complement\cancer_11_complement_DetailedRules.csv,0.5708853652893302,500,500,adaptive,0.7,0.28546433117554254,logit,1e-06,1,1.1609902157604632,0.31502590392524465,0.3306383409353373,1,1,1,-0.029561572749702114,0.33063834093533734,-5.551115123125783e-17,-0.04517400975979474,12,0.04517400975979474,0.0020406911577780305
topk_quality,mean_rule_score,+1_+1,cancer,datasets\files\cancer.parquet,time,status,12,C:\GitHub\easd_refatorado\experiments\factorial_design\factorial_2k\mean_rule_score\+1_+1\cancer\complement\cancer_12_complement_DetailedRules.csv,0.5793086678632487,500,500,adaptive,0.7,0.3199360536871854,logit,1e-06,1,1.1609902157604632,0.31502590392524465,0.3306383409353373,1,1,1,0.004910149761940763,0.33063834093533734,-5.551115123125783e-17,-0.010702287248151865,13,0.010702287248151865,0.00011453895234195402
topk_quality,mean_rule_score,+1_+1,cancer,datasets\files\cancer.parquet,time,status,13,C:\GitHub\easd_refatorado\experiments\factorial_design\factorial_2k\mean_rule_score\+1_+1\cancer\complement\cancer_13_complement_DetailedRules.csv,0.5764365465474632,500,500,adaptive,0.7,0.30816193302603817,logit,1e-06,1,1.1609902157604632,0.31502590392524465,0.3306383409353373,1,1,1,-0.006863970899206484,0.33063834093533734,-5.551115123125783e-17,-0.022476407909299112,14,0.022476407909299112,0.0005051889125052037
topk_quality,mean_rule_score,+1_+1,cancer,datasets\files\cancer.parquet,time,status,14,C:\GitHub\easd_refatorado\experiments\factorial_design\factorial_2k\mean_rule_score\+1_+1\cancer\complement\cancer_14_complement_DetailedRules.csv,0.568807672226021,500,500,adaptive,0.7,0.2769881401358995,logit,1e-06,1,1.1609902157604632,0.31502590392524465,0.3306383409353373,1,1,1,-0.03803776378934515,0.33063834093533734,-5.551115123125783e-17,-0.053650200799437775,15,0.053650200799437775,0.0028783440458199938
topk_quality,mean_rule_score,+1_-1,cancer,datasets\files\cancer.parquet,time,status,0,C:\GitHub\easd_refatorado\experiments\factorial_design\factorial_2k\mean_rule_score\+1_-1\cancer\complement\cancer_0_complement_DetailedRules.csv,0.4661633187250122,50,500,adaptive,0.7,-0.13555390977991597,logit,1e-06,1,1.1609902157604632,0.012473919992162963,-0.003138517017929679,1,-1,-1,-0.14802782977207893,-0.0031385170179296985,1.951563910473908e-17,-0.13241539276198627,16,0.13241539276198627,0.017533836240311088
topk_quality,mean_rule_score,+1_-1,cancer,datasets\files\cancer.parquet,time,status,1,C:\GitHub\easd_refatorado\experiments\factorial_design\factorial_2k\mean_rule_score\+1_-1\cancer\complement\cancer_1_complement_DetailedRules.csv,0.5213101752695052,50,500,adaptive,0.7,0.0852923704860119,logit,1e-06,1,1.1609902157604632,0.012473919992162963,-0.003138517017929679,1,-1,-1,0.07281845049384894,-0.0031385170179296985,1.951563910473908e-17,0.08843088750394158,17,0.08843088750394158,0.007820021864734772
topk_quality,mean_rule_score,+1_-1,cancer,datasets\files\cancer.parquet,time,status,2,C:\GitHub\easd_refatorado\experiments\factorial_design\factorial_2k\mean_rule_score\+1_-1\cancer\complement\cancer_2_complement_DetailedRules.csv,0.5521166881468991,50,500,adaptive,0.7,0.2092266816329425,logit,1e-06,1,1.1609902157604632,0.012473919992162963,-0.003138517017929679,1,-1,-1,0.19675276164077954,-0.0031385170179296985,1.951563910473908e-17,0.21236519865087217,18,0.21236519865087217,0.0450989775980244
topk_quality,mean_rule_score,+1_-1,cancer,datasets\files\cancer.parquet,time,status,3,C:\GitHub\easd_refatorado\experiments\factorial_design\factorial_2k\mean_rule_score\+1_-1\cancer\complement\cancer_3_complement_DetailedRules.csv,0.5139156456011498,50,500,adaptive,0.7,0.05567696080951199,logit,1e-06,1,1.1609902157604632,0.012473919992162963,-0.003138517017929679,1,-1,-1,0.04320304081734903,-0.0031385170179296985,1.951563910473908e-17,0.05881547782744167,19,0.05881547782744167,0.0034592604320702824
topk_quality,mean_rule_score,+1_-1,cancer,datasets\files\cancer.parquet,time,status,4,C:\GitHub\easd_refatorado\experiments\factorial_design\factorial_2k\mean_rule_score\+1_-1\cancer\complement\cancer_4_complement_DetailedRules.csv,0.4829699385303544,50,500,adaptive,0.7,-0.06814660614606864,logit,1e-06,1,1.1609902157604632,0.012473919992162963,-0.003138517017929679,1,-1,-1,-0.0806205261382316,-0.0031385170179296985,1.951563910473908e-17,-0.06500808912813896,20,0.06500808912813896,0.004226051652092059
topk_quality,mean_rule_score,+1_-1,cancer,datasets\files\cancer.parquet,time,status,5,C:\GitHub\easd_refatorado\experiments\factorial_design\factorial_2k\mean_rule_score\+1_-1\cancer\complement\cancer_5_complement_DetailedRules.csv,0.5020724689614415,50,500,adaptive,0.7,0.008289923321021592,logit,1e-06,1,1.1609902157604632,0.012473919992162963,-0.003138517017929679,1,-1,-1,-0.0041839966711413705,-0.0031385170179296985,1.951563910473908e-17,0.011428440338951271,21,0.011428440338951271,0.00013060924858096864
topk_quality,mean_rule_score,+1_-1,cancer,datasets\files\cancer.parquet,time,status,6,C:\GitHub\easd_refatorado\experiments\factorial_design\factorial_2k\mean_rule_score\+1_-1\cancer\complement\cancer_6_complement_DetailedRules.csv,0.4875923339372684,50,500,adaptive,0.7,-0.049640855549413034,logit,1e-06,1,1.1609902157604632,0.012473919992162963,-0.003138517017929679,1,-1,-1,-0.062114775541575996,-0.0031385170179296985,1.951563910473908e-17,-0.046502338531483355,22,0.046502338531483355,0.0021624674888966813
topk_quality,mean_rule_score,+1_-1,cancer,datasets\files\cancer.parquet,time,status,7,C:\GitHub\easd_refatorado\experiments\factorial_design\factorial_2k\mean_rule_score\+1_-1\cancer\complement\cancer_7_complement_DetailedRules.csv,0.5081091969635176,50,500,adaptive,0.7,0.03243963232057345,logit,1e-06,1,1.1609902157604632,0.012473919992162963,-0.003138517017929679,1,-1,-1,0.01996571232841049,-0.0031385170179296985,1.951563910473908e-17,0.03557814933850313,23,0.03557814933850313,0.0012658047103528307
topk_quality,mean_rule_score,+1_-1,cancer,datasets\files\cancer.parquet,time,status,8,C:\GitHub\easd_refatorado\experiments\factorial_design\factorial_2k\mean_rule_score\+1_-1\cancer\complement\cancer_8_complement_DetailedRules.csv,0.48778469496606397,50,500,adaptive,0.7,-0.04887094463487972,logit,1e-06,1,1.1609902157604632,0.012473919992162963,-0.003138517017929679,1,-1,-1,-0.06134486462704268,-0.0031385170179296985,1.951563910473908e-17,-0.04573242761695004,24,0.04573242761695004,0.0020914549357395748
topk_quality,mean_rule_score,+1_-1,cancer,datasets\files\cancer.parquet,time,status,9,C:\GitHub\easd_refatorado\experiments\factorial_design\factorial_2k\mean_rule_score\+1_-1\cancer\complement\cancer_9_complement_DetailedRules.csv,0.4328846688300024,50,500,adaptive,0.7,-0.2700913502044284,logit,1e-06,1,1.1609902157604632,0.012473919992162963,-0.003138517017929679,1,-1,-1,-0.2825652701965914,-0.0031385170179296985,1.951563910473908e-17,-0.26695283318649876,25,0.26695283318649876,0.07126381514629863
topk_quality,mean_rule_score,+1_-1,cancer,datasets\files\cancer.parquet,time,status,10,C:\GitHub\easd_refatorado\experiments\factorial_design\factorial_2k\mean_rule_score\+1_-1\cancer\complement\cancer_10_complement_DetailedRules.csv,0.5083172400268807,50,500,adaptive,0.7,0.033272029189890896,logit,1e-06,1,1.1609902157604632,0.012473919992162963,-0.003138517017929679,1,-1,-1,0.020798109197727933,-0.0031385170179296985,1.951563910473908e-17,0.036410546207820575,26,0.036410546207820575,0.0013257278751518374
topk_quality,mean_rule_score,+1_-1,cancer,datasets\files\cancer.parquet,time,status,11,C:\GitHub\easd_refatorado\experiments\factorial_design\factorial_2k\mean_rule_score\+1_-1\cancer\complement\cancer_11_complement_DetailedRules.csv,0.47383686321374513,50,500,adaptive,0.7,-0.10474821861415774,logit,1e-06,1,1.1609902157604632,0.012473919992162963,-0.003138517017929679,1,-1,-1,-0.1172221386063207,-0.0031385170179296985,1.951563910473908e-17,-0.10160970159622806,27,0.10160970159622806,0.010324531458474511
topk_quality,mean_rule_score,+1_-1,cancer,datasets\files\cancer.parquet,time,status,12,C:\GitHub\easd_refatorado\experiments\factorial_design\factorial_2k\mean_rule_score\+1_-1\cancer\complement\cancer_12_complement_DetailedRules.csv,0.4887000231308761,50,500,adaptive,0.7,-0.045207605239058576,logit,1e-06,1,1.1609902157604632,0.012473919992162963,-0.003138517017929679,1,-1,-1,-0.05768152523122154,-0.0031385170179296985,1.951563910473908e-17,-0.0420690882211289,28,0.0420690882211289,0.0017698081837571262
topk_quality,mean_rule_score,+1_-1,cancer,datasets\files\cancer.parquet,time,status,13,C:\GitHub\easd_refatorado\experiments\factorial_design\factorial_2k\mean_rule_score\+1_-1\cancer\complement\cancer_13_complement_DetailedRules.csv,0.5475204853576089,50,500,adaptive,0.7,0.19065738656230205,logit,1e-06,1,1.1609902157604632,0.012473919992162963,-0.003138517017929679,1,-1,-1,0.1781834665701391,-0.0031385170179296985,1.951563910473908e-17,0.19379590358023174,29,0.19379590358023174,0.03755685224447848
topk_quality,mean_rule_score,+1_-1,cancer,datasets\files\cancer.parquet,time,status,14,C:\GitHub\easd_refatorado\experiments\factorial_design\factorial_2k\mean_rule_score\+1_-1\cancer\complement\cancer_14_complement_DetailedRules.csv,0.5150771153881833,50,500,adaptive,0.7,0.06032675057672221,logit,1e-06,1,1.1609902157604632,0.012473919992162963,-0.003138517017929679,1,-1,-1,0.04785283058455925,-0.0031385170179296985,1.951563910473908e-17,0.06346526759465189,30,0.06346526759465189,0.004027840190860771
topk_quality,mean_rule_score,-1_+1,cancer,datasets\files\cancer.parquet,time,status,0,C:\GitHub\easd_refatorado\experiments\factorial_design\factorial_2k\mean_rule_score\-1_+1\cancer\complement\cancer_0_complement_DetailedRules.csv,0.9111649030739575,500,500,adaptive,0.1,2.3279420865658373,logit,1e-06,1,1.1609902157604632,2.3095065115287636,2.293894074518671,-1,1,-1,0.018435575037073715,2.293894074518671,0.0,0.03404801204716623,31,0.03404801204716623,0.0011592671243639769
topk_quality,mean_rule_score,-1_+1,cancer,datasets\files\cancer.parquet,time,status,1,C:\GitHub\easd_refatorado\experiments\factorial_design\factorial_2k\mean_rule_score\-1_+1\cancer\complement\cancer_1_complement_DetailedRules.csv,0.9128127011625612,500,500,adaptive,0.1,2.3484720481865082,logit,1e-06,1,1.1609902157604632,2.3095065115287636,2.293894074518671,-1,1,-1,0.038965536657744604,2.293894074518671,0.0,0.05457797366783712,32,0.05457797366783712,0.0029787552096871223
topk_quality,mean_rule_score,-1_+1,cancer,datasets\files\cancer.parquet,time,status,2,C:\GitHub\easd_refatorado\experiments\factorial_design\factorial_2k\mean_rule_score\-1_+1\cancer\complement\cancer_2_complement_DetailedRules.csv,0.9068085983915125,500,500,adaptive,0.1,2.2752759406981333,logit,1e-06,1,1.1609902157604632,2.3095065115287636,2.293894074518671,-1,1,-1,-0.0342305708306303,2.293894074518671,0.0,-0.018618133820537786,33,0.018618133820537786,0.0003466349069594529
topk_quality,mean_rule_score,-1_+1,cancer,datasets\files\cancer.parquet,time,status,3,C:\GitHub\easd_refatorado\experiments\factorial_design\factorial_2k\mean_rule_score\-1_+1\cancer\complement\cancer_3_complement_DetailedRules.csv,0.9053418002001548,500,500,adaptive,0.1,2.2580400454168625,logit,1e-06,1,1.1609902157604632,2.3095065115287636,2.293894074518671,-1,1,-1,-0.05146646611190109,2.293894074518671,0.0,-0.03585402910180857,34,0.03585402910180857,0.001285511402833336
topk_quality,mean_rule_score,-1_+1,cancer,datasets\files\cancer.parquet,time,status,4,C:\GitHub\easd_refatorado\experiments\factorial_design\factorial_2k\mean_rule_score\-1_+1\cancer\complement\cancer_4_complement_DetailedRules.csv,0.912249650518364,500,500,adaptive,0.1,2.3414178471832012,logit,1e-06,1,1.1609902157604632,2.3095065115287636,2.293894074518671,-1,1,-1,0.0319113356544376,2.293894074518671,0.0,0.04752377266453012,35,0.04752377266453012,0.00225850896826994
topk_quality,mean_rule_score,-1_+1,cancer,datasets\files\cancer.parquet,time,status,5,C:\GitHub\easd_refatorado\experiments\factorial_design\factorial_2k\mean_rule_score\-1_+1\cancer\complement\cancer_5_complement_DetailedRules.csv,0.905239238888891,500,500,adaptive,0.1,2.2568438498828636,logit,1e-06,1,1.1609902157604632,2.3095065115287636,2.293894074518671,-1,1,-1,-0.052662661645900055,2.293894074518671,0.0,-0.03705022463580754,36,0.03705022463580754,0.0013727191455637998
topk_quality,mean_rule_score,-1_+1,cancer,datasets\files\cancer.parquet,time,status,6,C:\GitHub\easd_refatorado\experiments\factorial_design\factorial_2k\mean_rule_score\-1_+1\cancer\complement\cancer_6_complement_DetailedRules.csv,0.8998442084646973,500,500,adaptive,0.1,2.1954947575846595,logit,1e-06,1,1.1609902157604632,2.3095065115287636,2.293894074518671,-1,1,-1,-0.11401175394410412,2.293894074518671,0.0,-0.0983993169340116,37,0.0983993169340116,0.009682425573080062
topk_quality,mean_rule_score,-1_+1,cancer,datasets\files\cancer.parquet,time,status,7,C:\GitHub\easd_refatorado\experiments\factorial_design\factorial_2k\mean_rule_score\-1_+1\cancer\complement\cancer_7_complement_DetailedRules.csv,0.9092653677855982,500,500,adaptive,0.1,2.304697868515721,logit,1e-06,1,1.1609902157604632,2.3095065115287636,2.293894074518671,-1,1,-1,-0.004808643013042513,2.293894074518671,0.0,0.010803793997050004,38,0.010803793997050004,0.00011672196473069371
topk_quality,mean_rule_score,-1_+1,cancer,datasets\files\cancer.parquet,time,status,8,C:\GitHub\easd_refatorado\experiments\factorial_design\factorial_2k\mean_rule_score\-1_+1\cancer\complement\cancer_8_complement_DetailedRules.csv,0.9003434240449998,500,500,adaptive,0.1,2.201046237814196,logit,1e-06,1,1.1609902157604632,2.3095065115287636,2.293894074518671,-1,1,-1,-0.10846027371456746,2.293894074518671,0.0,-0.09284783670447494,39,0.09284783670447494,0.008620720780700844
topk_quality,mean_rule_score,-1_+1,cancer,datasets\files\cancer.parquet,time,status,9,C:\GitHub\easd_refatorado\experiments\factorial_design\factorial_2k\mean_rule_score\-1_+1\cancer\complement\cancer_9_complement_DetailedRules.csv,0.9042391617205038,500,500,adaptive,0.1,2.245240069653444,logit,1e-06,1,1.1609902157604632,2.3095065115287636,2.293894074518671,-1,1,-1,-0.06426644187531982,2.293894074518671,0.0,-0.04865400486522731,40,0.04865400486522731,0.0023672121894255625
topk_quality,mean_rule_score,-1_+1,cancer,datasets\files\cancer.parquet,time,status,10,C:\GitHub\easd_refatorado\experiments\factorial_design\factorial_2k\mean_rule_score\-1_+1\cancer\complement\cancer_10_complement_DetailedRules.csv,0.9145267215578347,500,500,adaptive,0.1,2.37020289300553,logit,1e-06,1,1.1609902157604632,2.3095065115287636,2.293894074518671,-1,1,-1,0.06069638147676626,2.293894074518671,0.0,0.07630881848685878,41,0.07630881848685878,0.00582303577886036
topk_quality,mean_rule_score,-1_+1,cancer,datasets\files\cancer.parquet,time,status,11,C:\GitHub\easd_refatorado\experiments\factorial_design\factorial_2k\mean_rule_score\-1_+1\cancer\complement\cancer_11_complement_DetailedRules.csv,0.911135996372268,500,500,adaptive,0.1,2.32758501668684,logit,1e-06,1,1.1609902157604632,2.3095065115287636,2.293894074518671,-1,1,-1,0.018078505158076297,2.293894074518671,0.0,0.033690942168168814,42,0.033690942168168814,0.0011350795841788956
topk_quality,mean_rule_score,-1_+1,cancer,datasets\files\cancer.parquet,time,status,12,C:\GitHub\easd_refatorado\experiments\factorial_design\factorial_2k\mean_rule_score\-1_+1\cancer\complement\cancer_12_complement_DetailedRules.csv,0.9066925187780512,500,500,adaptive,0.1,2.2739030943480905,logit,1e-06,1,1.1609902157604632,2.3095065115287636,2.293894074518671,-1,1,-1,-0.03560341718067317,2.293894074518671,0.0,-0.019990980170580652,43,0.019990980170580652,0.00039963928818054884
topk_quality,mean_rule_score,-1_+1,cancer,datasets\files\cancer.parquet,time,status,13,C:\GitHub\easd_refatorado\experiments\factorial_design\factorial_2k\mean_rule_score\-1_+1\cancer\complement\cancer_13_complement_DetailedRules.csv,0.91536755159907,500,500,adaptive,0.1,2.3810079364403034,logit,1e-06,1,1.1609902157604632,2.3095065115287636,2.293894074518671,-1,1,-1,0.07150142491153977,2.293894074518671,0.0,0.08711386192163229,44,0.08711386192163229,0.0075888249389012155
topk_quality,mean_rule_score,-1_+1,cancer,datasets\files\cancer.parquet,time,status,14,C:\GitHub\easd_refatorado\experiments\factorial_design\factorial_2k\mean_rule_score\-1_+1\cancer\complement\cancer_14_complement_DetailedRules.csv,0.9089798011578747,500,500,adaptive,0.1,2.301241425797879,logit,1e-06,1,1.1609902157604632,2.3095065115287636,2.293894074518671,-1,1,-1,-0.008265085730884802,2.293894074518671,0.0,0.0073473512792077145,45,0.0073473512792077145,5.3983570820075237e-05
topk_quality,mean_rule_score,-1_-1,cancer,datasets\files\cancer.parquet,time,status,0,C:\GitHub\easd_refatorado\experiments\factorial_design\factorial_2k\mean_rule_score\-1_-1\cancer\complement\cancer_0_complement_DetailedRules.csv,0.8935624941937321,50,500,adaptive,0.1,2.12765826231763,logit,1e-06,1,1.1609902157604632,2.0069545275956817,2.0225669646057742,-1,-1,1,0.1207037347219484,2.0225669646057742,0.0,0.10509129771185588,46,0.10509129771185588,0.011044180854761925
topk_quality,mean_rule_score,-1_-1,cancer,datasets\files\cancer.parquet,time,status,1,C:\GitHub\easd_refatorado\experiments\factorial_design\factorial_2k\mean_rule_score\-1_-1\cancer\complement\cancer_1_complement_DetailedRules.csv,0.8710481215015153,50,500,adaptive,0.1,1.910257924021585,logit,1e-06,1,1.1609902157604632,2.0069545275956817,2.0225669646057742,-1,-1,1,-0.09669660357409682,2.0225669646057742,0.0,-0.11230904058418933,47,0.11230904058418933,0.012613320596941088
topk_quality,mean_rule_score,-1_-1,cancer,datasets\files\cancer.parquet,time,status,2,C:\GitHub\easd_refatorado\experiments\factorial_design\factorial_2k\mean_rule_score\-1_-1\cancer\complement\cancer_2_complement_DetailedRules.csv,0.8911521183470539,50,500,adaptive,0.1,2.102563814227604,logit,1e-06,1,1.1609902157604632,2.0069545275956817,2.0225669646057742,-1,-1,1,0.09560928663192225,2.0225669646057742,0.0,0.07999684962182974,48,0.07999684962182974,0.006399495949417641
topk_quality,mean_rule_score,-1_-1,cancer,datasets\files\cancer.parquet,time,status,3,C:\GitHub\easd_refatorado\experiments\factorial_design\factorial_2k\mean_rule_score\-1_-1\cancer\complement\cancer_3_complement_DetailedRules.csv,0.8863551622567281,50,500,adaptive,0.1,2.0540396037585436,logit,1e-06,1,1.1609902157604632,2.0069545275956817,2.0225669646057742,-1,-1,1,0.04708507616286184,2.0225669646057742,0.0,0.03147263915276932,49,0.03147263915276932,0.0009905270152404284
topk_quality,mean_rule_score,-1_-1,cancer,datasets\files\cancer.parquet,time,status,4,C:\GitHub\easd_refatorado\experiments\factorial_design\factorial_2k\mean_rule_score\-1_-1\cancer\complement\cancer_4_complement_DetailedRules.csv,0.8711083305093291,50,500,adaptive,0.1,1.910794063819789,logit,1e-06,1,1.1609902157604632,2.0069545275956817,2.0225669646057742,-1,-1,1,-0.09616046377589282,2.0225669646057742,0.0,-0.11177290078598534,50,0.11177290078598534,0.012493181350113722
topk_quality,mean_rule_score,-1_-1,cancer,datasets\files\cancer.parquet,time,status,5,C:\GitHub\easd_refatorado\experiments\factorial_design\factorial_2k\mean_rule_score\-1_-1\cancer\complement\cancer_5_complement_DetailedRules.csv,0.8840206754687123,50,500,adaptive,0.1,2.0310685124823484,logit,1e-06,1,1.1609902157604632,2.0069545275956817,2.0225669646057742,-1,-1,1,0.024113984886666717,2.0225669646057742,0.0,0.0085015478765742,51,0.0085015478765742,7.22763162976833e-05
topk_quality,mean_rule_score,-1_-1,cancer,datasets\files\cancer.parquet,time,status,6,C:\GitHub\easd_refatorado\experiments\factorial_design\factorial_2k\mean_rule_score\-1_-1\cancer\complement\cancer_6_complement_DetailedRules.csv,0.8838766883525278,50,500,adaptive,0.1,2.0296649021614654,logit,1e-06,1,1.1609902157604632,2.0069545275956817,2.0225669646057742,-1,-1,1,0.02271037456578373,2.0225669646057742,0.0,0.007097937555691214,52,0.007097937555691214,5.038071754449176e-05
topk_quality,mean_rule_score,-1_-1,cancer,datasets\files\cancer.parquet,time,status,7,C:\GitHub\easd_refatorado\experiments\factorial_design\factorial_2k\mean_rule_score\-1_-1\cancer\complement\cancer_7_complement_DetailedRules.csv,0.8783731694318794,50,500,adaptive,0.1,1.977113934158071,logit,1e-06,1,1.1609902157604632,2.0069545275956817,2.0225669646057742,-1,-1,1,-0.029840593437610696,2.0225669646057742,0.0,-0.04545303044770321,53,0.04545303044770321,0.0020659779768798354
topk_quality,mean_rule_score,-1_-1,cancer,datasets\files\cancer.parquet,time,status,8,C:\GitHub\easd_refatorado\experiments\factorial_design\factorial_2k\mean_rule_score\-1_-1\cancer\complement\cancer_8_complement_DetailedRules.csv,0.8703070828898752,50,500,adaptive,0.1,1.9036766381683565,logit,1e-06,1,1.1609902157604632,2.0069545275956817,2.0225669646057742,-1,-1,1,-0.10327788942732519,2.0225669646057742,0.0,-0.1188903264374177,54,0.1188903264374177,0.014134909720395742
topk_quality,mean_rule_score,-1_-1,cancer,datasets\files\cancer.parquet,time,status,9,C:\GitHub\easd_refatorado\experiments\factorial_design\factorial_2k\mean_rule_score\-1_-1\cancer\complement\cancer_9_complement_DetailedRules.csv,0.8843704026857336,50,500,adaptive,0.1,2.0344840268435584,logit,1e-06,1,1.1609902157604632,2.0069545275956817,2.0225669646057742,-1,-1,1,0.027529499247876732,2.0225669646057742,0.0,0.011917062237784215,55,0.011917062237784215,0.00014201637237922253
topk_quality,mean_rule_score,-1_-1,cancer,datasets\files\cancer.parquet,time,status,10,C:\GitHub\easd_refatorado\experiments\factorial_design\factorial_2k\mean_rule_score\-1_-1\cancer\complement\cancer_10_complement_DetailedRules.csv,0.8930954028877904,50,500,adaptive,0.1,2.1227565883486115,logit,1e-06,1,1.1609902157604632,2.0069545275956817,2.0225669646057742,-1,-1,1,0.11580206075292976,2.0225669646057742,0.0,0.10018962374283724,56,0.10018962374283724,0.010037960705731297
topk_quality,mean_rule_score,-1_-1,cancer,datasets\files\cancer.parquet,time,status,11,C:\GitHub\easd_refatorado\experiments\factorial_design\factorial_2k\mean_rule_score\-1_-1\cancer\complement\cancer_11_complement_DetailedRules.csv,0.8860856879500307,50,500,adaptive,0.1,2.051367142110032,logit,1e-06,1,1.1609902157604632,2.0069545275956817,2.0225669646057742,-1,-1,1,0.04441261451435041,2.0225669646057742,0.0,0.028800177504257896,57,0.028800177504257896,0.0008294502242767625
topk_quality,mean_rule_score,-1_-1,cancer,datasets\files\cancer.parquet,time,status,12,C:\GitHub\easd_refatorado\experiments\factorial_design\factorial_2k\mean_rule_score\-1_-1\cancer\complement\cancer_12_complement_DetailedRules.csv,0.8876701106955519,50,500,adaptive,0.1,2.0671601948022023,logit,1e-06,1,1.1609902157604632,2.0069545275956817,2.0225669646057742,-1,-1,1,0.06020566720652054,2.0225669646057742,0.0,0.044593230196428024,58,0.044593230196428024,0.00198855617935162
topk_quality,mean_rule_score,-1_-1,cancer,datasets\files\cancer.parquet,time,status,13,C:\GitHub\easd_refatorado\experiments\factorial_design\factorial_2k\mean_rule_score\-1_-1\cancer\complement\cancer_13_complement_DetailedRules.csv,0.8910524778875756,50,500,adaptive,0.1,2.1015370056920624,logit,1e-06,1,1.1609902157604632,2.0069545275956817,2.0225669646057742,-1,-1,1,0.09458247809638065,2.0225669646057742,0.0,0.07897004108628813,59,0.07897004108628813,0.006236267389170036
topk_quality,mean_rule_score,-1_-1,cancer,datasets\files\cancer.parquet,time,status,14,C:\GitHub\easd_refatorado\experiments\factorial_design\factorial_2k\mean_rule_score\-1_-1\cancer\complement\cancer_14_complement_DetailedRules.csv,0.8715083871507586,50,500,adaptive,0.1,1.9143618561747526,logit,1e-06,1,1.1609902157604632,2.0069545275956817,2.0225669646057742,-1,-1,1,-0.09259267142092908,2.0225669646057742,0.0,-0.1082051084310216,60,0.1082051084310216,0.011708345490569143
