0,1,2,3,4,5,6,7,8,9,10,11,12,13,14,0
0.0,0.691741433481,0.0259325399026,0.25733588667,0.983221542517,1.0,0.971479281442,0.00927943062095,0.000344523394522,0.230371870221,0.382121708199,0.20830803474,0.169264508952,0.0914500679254,0.396282147218,1
0.0666666666667,0.708517178408,0.0287886686558,0.301583147979,0.975687956097,0.997100296598,0.92370964267,0.0122655096906,0.000490968738798,0.103088046686,0.230647345338,0.0973161029654,0.0838588226378,0.0231904328893,0.20762868733,1
0.133333333333,0.737429533931,0.0313841409985,0.335862881068,0.967878990539,1.0,0.935828383245,0.0235582621907,0.00120152915533,0.0370329672105,0.0971321166556,0.0302026990415,0.0233876855847,0.0105712570478,0.1079437596,1
0.2,0.704252350759,0.0251283871469,0.292781273417,0.964161372175,1.0,0.947177679973,0.0205986943233,0.000991361834411,0.0588645938202,0.129655005154,0.0438410141482,0.031295231045,0.0202630299222,0.164802489071,1
0.266666666667,0.800710048433,0.0423760772874,0.400854019721,0.966757804048,1.0,0.867617186298,0.0234088817626,0.00119056414519,0.0157071362432,0.0481982255098,0.0130061397427,0.0111799132376,0.00566084073415,0.0680319798354,1
0.333333333333,0.695178249379,0.0267644220637,0.279792561227,0.987548928972,1.0,0.982892698491,0.0107502925154,0.000414491263017,0.0294379527719,0.101509731401,0.0319352763579,0.0302937619982,0.00610264845977,0.0674569729432,1
0.4,0.798010503272,0.0413889104562,0.400806442021,0.971990007671,0.994184023463,0.883993516153,0.0157609097421,0.000684424829075,0.0719269413476,0.190674831747,0.0741520861092,0.0690837708558,0.0118034704031,0.145579142216,1
0.466666666667,0.751721243606,0.0341016227248,0.338527232286,0.982769133933,0.997100296598,0.935879679501,0.0115333926437,0.00045346562817,0.106939419256,0.227454071424,0.0953695586027,0.0756846698772,0.0477438801692,0.197058012682,1
0.533333333333,0.809648038293,0.0451046507759,0.415496056998,0.977418910679,1.0,0.888302401691,0.0161565384527,0.000707826103878,0.0119731901377,0.0291072980456,0.00738603128643,0.00536936276119,0.00885626461674,0.0659918868891,1
0.6,0.895194129056,0.0767549940659,0.565877273322,0.966462754972,0.997100296598,0.751251628656,0.0283741240469,0.00158003020152,0.0107068157444,0.0361042058247,0.0093756469377,0.00776375345185,0.0072815990599,0.0438816903627,1
0.666666666667,0.713247053753,0.0269585279013,0.277794297813,0.978520427231,1.0,0.965015953136,0.0139183811852,0.000579507725731,0.00401835515688,0.0125144000485,0.00300109623376,0.00268298970991,0.00850664242893,0.0318459296601,1
0.733333333333,0.770141669408,0.0380891112171,0.388067512757,0.976258384311,1.0,0.886750689935,0.0253013737391,0.00133338687219,0.0466209996224,0.0986964166616,0.0308182016487,0.0198622438726,0.0449407569641,0.129222953015,1
0.0,0.926159500017,0.0971416528944,0.636304164238,0.979503924153,1.0,0.667023175649,0.0137506468478,0.00057029156531,0.132994089355,0.228274621557,0.0958683519119,0.0620971709176,0.07917914856,0.293643416959,2
0.0666666666667,0.901489286889,0.0827889126746,0.589511495962,0.978599106985,1.0,0.731977060314,0.0168901849921,0.000752005378907,0.0746848472998,0.15792962671,0.0571236437754,0.0426057412596,0.0260669630967,0.2003505179,2
0.133333333333,0.877408890351,0.0713255764943,0.546025477859,0.987096520388,1.0,0.751354221169,0.0,0.0,0.130624013927,0.234091230623,0.0994307642931,0.0679672682022,0.0664882728558,0.276621637588,2
0.2,0.851230107868,0.055591911887,0.484138784152,0.986290052912,1.0,0.800726867953,0.0132933286089,0.000545391276463,0.136419925655,0.237062187999,0.101274493322,0.0685018361394,0.0654230177523,0.305639793628,2
0.266666666667,0.909043476288,0.0841920205863,0.605271609197,0.970141033459,1.0,0.707880643871,0.011282046053,0.000440835046871,0.0973244541689,0.19650356717,0.0773699281821,0.056281207095,0.0401505232775,0.215718167855,2
0.333333333333,0.874369066388,0.0663952882194,0.540684880996,0.969452585613,0.997100296598,0.722256419726,0.015742046002,0.000683314448301,0.149207559894,0.240724347703,0.1035628292,0.0639613920149,0.0923104662782,0.330274506715,2
0.4,0.832696255799,0.0525860443449,0.453879366741,0.98493282716,1.0,0.800598627312,0.00579575667815,0.000195565813747,0.082069786871,0.151280341155,0.0538807925673,0.0337650702483,0.0486076928012,0.225410578551,2
0.466666666667,0.877647085512,0.0716139623102,0.559680277854,0.960679793072,1.0,0.72789900793,0.0633949123983,0.00568774507578,0.126255533991,0.214482911942,0.0876361782151,0.0559530229817,0.0807565455402,0.292887243511,2
0.533333333333,0.922768054626,0.104855973469,0.654990306044,0.97627805425,1.0,0.642644629795,0.0186236097551,0.000860572859043,0.100103906261,0.15692313911,0.056627629259,0.0301888784156,0.084898066183,0.289760151235,2
0.6,0.82126288806,0.0473285490866,0.425677684869,0.993135191487,1.0,0.873811209258,0.00937782796779,0.000349075955694,0.311212988444,0.399866610077,0.22366086501,0.142891362938,0.221349733527,0.584301524162,2
0.0,0.664280934179,0.0112747762237,0.30397392742,0.856842188084,0.979652366986,0.676051316775,0.105843425859,0.0138625071285,0.453972327215,0.676913438024,0.523395351358,0.530020049681,0.135880082867,0.538655429089,3
0.0666666666667,0.619296076585,0.0110862162672,0.259274677958,0.912744153111,0.994184023463,0.873529079848,0.0537947981962,0.00432447508102,0.0904566219638,0.257596151903,0.114391784777,0.128532462145,0.0100307766539,0.14363357095,3
0.133333333333,0.562378775677,0.00512993999357,0.265911767155,0.862644819922,0.973836390449,0.690234731669,0.115774930089,0.0162817492389,0.26752280255,0.51409688959,0.333867787817,0.38714154344,0.0390203968697,0.369501004293,3
0.2,0.668761271735,0.0135541333452,0.325312526019,0.898463777808,0.997100296598,0.787556554123,0.0846089725125,0.00933548471459,0.143093842598,0.329857111098,0.165903656475,0.171933965296,0.0271189025114,0.217821275255,3
0.266666666667,0.62589748534,0.00759231119048,0.329463680373,0.822321446134,0.994184023463,0.6762565018,0.129968619913,0.0200695356528,0.282707444892,0.508882556236,0.328407459947,0.340857433438,0.0609127549583,0.380882990036,3
0.333333333333,0.435908487688,0.0,0.223995813162,0.846515470407,0.997100296598,0.720602115458,0.0965899966096,0.0117815147612,0.267242702726,0.510863194487,0.330449872662,0.367991831261,0.0528174990275,0.347249025245,3
0.4,0.556866259088,0.00321661102299,0.281885980041,0.824917878007,0.994184023463,0.765332451038,0.148251152855,0.0255270571549,0.309338474242,0.528284726854,0.348873268986,0.350939790734,0.0760414259956,0.417982749793,3
0.466666666667,0.509181856334,0.00200206306776,0.292091396762,0.797360294262,0.997100296598,0.695454125758,0.153634966236,0.0272578631857,0.114873785404,0.292952565735,0.138560335234,0.149580228836,0.0154058763637,0.180107124572,3
0.533333333333,0.645361432801,0.00868484976208,0.318378076196,0.847577647082,0.997100296598,0.683502098017,0.140216219248,0.0230495200539,0.287528393773,0.546352998242,0.368435970361,0.428215307725,0.0506426031912,0.359221771494,3
0.6,0.542892142962,0.00429251195137,0.259667193986,0.855780011409,0.997100296598,0.74200547844,0.111737070053,0.0152740786869,0.199458545495,0.460013338992,0.279236721191,0.360379313168,0.019719476677,0.261041313851,3
0.0,0.314462983338,0.00623911620839,0.0774446017152,0.949212218966,0.988368046925,0.840994429227,0.0492624022718,0.00374305194846,0.366505770864,0.41943046545,0.241125577815,0.129591447996,0.308256795722,0.677365995825,4
0.0666666666667,0.570568152173,0.0179242876316,0.209329987035,0.952084029977,0.997100296598,0.898112810727,0.0296706238035,0.00168954150532,0.227301545235,0.344327896683,0.177241131135,0.119279023486,0.148506087267,0.406837068253,4
0.133333333333,0.700078264124,0.0277460430139,0.357617784544,0.904207399831,1.0,0.701737917167,0.0619469928904,0.00547066563455,0.178246370418,0.237567452859,0.101587107513,0.0523700644662,0.159397637845,0.459060296956,4
0.2,0.594954799632,0.0162937985958,0.2473445696,0.880721493342,0.96512071051,0.739299600915,0.0771195578747,0.0079482027356,0.139377133405,0.197235190687,0.0777770213286,0.0418986229124,0.0996477522315,0.420030719546,4
0.266666666667,0.593763823826,0.0171922313298,0.212374959856,0.954070693759,0.994184023463,0.889289854626,0.0322554660236,0.00191772475429,0.0829046998057,0.12999454314,0.0439938477527,0.02260308872,0.0673998853963,0.272844708755,4
0.333333333333,0.709299819652,0.030297148308,0.333555362602,0.925352583646,0.991284320061,0.773937398049,0.051327217063,0.00400315864467,0.0843375181324,0.124606398674,0.0416096435226,0.0191371938161,0.0891795722721,0.278630223307,4
0.4,0.312840987716,0.00676597491043,0.0746732006708,0.941324573654,1.0,0.917810573184,0.0454998508745,0.00329112697361,0.10981582898,0.181070757291,0.0689765845024,0.0439996779059,0.0514517873564,0.339962979008,4
0.466666666667,0.468552567404,0.0135153121776,0.148597052561,0.959656956274,1.0,0.960078688457,0.0193215681376,0.000905931913644,0.234417158053,0.307180824188,0.148841868627,0.0863252784997,0.164385899724,0.54184553582,4
0.0,0.863582228372,0.0445334250252,0.623148930096,0.695804402132,0.729648224553,0.382803443005,0.207636245912,0.0477360606025,0.217864335805,0.372380201702,0.200068914062,0.166781136383,0.0756248839358,0.381237446339,5
0.0666666666667,0.866202375146,0.0404516565547,0.565984323148,0.685182635378,0.863365975709,0.432342802622,0.192438189387,0.0413985623373,0.165711903327,0.271044281412,0.123349223397,0.0855843267387,0.0857311503024,0.364617384112,5
0.133333333333,0.848848156256,0.0484543629446,0.609922329404,0.666692893251,0.758728107239,0.323671683441,0.225159130942,0.0555989444554,0.185814452181,0.332605751935,0.168043326937,0.135711912542,0.0662083019632,0.332480012603,5
0.2,0.929675714302,0.0781137349291,0.740059234237,0.65390743327,0.776159467117,0.328313994645,0.396151287195,0.16364732158,0.2353921209,0.352048343742,0.183382263243,0.127514076392,0.124701732839,0.448544759954,5
0.266666666667,0.91838980071,0.0674046385749,0.652040488623,0.666476523928,0.825586982817,0.356257630318,0.179335537502,0.0362977506586,0.296039119172,0.467248731785,0.286322642854,0.246837759984,0.0945946190482,0.466149423024,5
0.333333333333,0.898744371221,0.0614095411338,0.699320828328,0.635811089911,0.755811834104,0.297536240805,0.226520379212,0.0562360254242,0.185426621657,0.290042240142,0.136490134591,0.0900604873771,0.0978996412924,0.390217006026,5
0.4,0.882286219843,0.057832447841,0.644249640194,0.651724070104,0.726748521151,0.352410411088,0.240224631456,0.0628358511472,0.198149617475,0.35144202591,0.182909868466,0.15466200758,0.0560064357797,0.36501122445,5
0.466666666667,0.929017841952,0.0767106270173,0.67101209663,0.705855740672,0.843018342695,0.374070255353,0.185784897282,0.0387669599039,0.233910823757,0.348167909618,0.180283909261,0.120422592871,0.142602798569,0.429246583435,5
0.533333333333,0.867302609938,0.0425590913628,0.63293804194,0.71679222644,0.790691123594,0.340048013296,0.249508650554,0.0675161061078,0.301689594453,0.478930455345,0.297868526976,0.265655904709,0.0831260552897,0.476980032295,5
0.6,0.845207173077,0.0408620517542,0.614977460064,0.731820059403,0.822670709682,0.312912293661,0.244491915358,0.0649650062805,0.319993040597,0.525212716506,0.345594293471,0.336966590857,0.0791450057683,0.45878460872,5
0.666666666667,0.800335741751,0.0365529021596,0.584587203977,0.707016267039,0.761627810641,0.310578313995,0.234351380494,0.0599627408955,0.40000463242,0.615594494634,0.447701035239,0.44976719228,0.0915354249048,0.538891733291,5
0.733333333333,0.798827172397,0.0331033641315,0.588643202931,0.716615196994,0.793607396729,0.300934617792,0.271446670422,0.0792389511249,0.345907660784,0.524565977485,0.344913489233,0.306611252046,0.107350366057,0.511677365996,5
0.0,0.392908589771,0.00265093115343,0.73115030985,0.299081413875,0.130818047754,0.156471535707,0.743351168915,0.557929654519,0.031754162849,0.0811617049657,0.024149098907,0.0218567236128,0.00774013675349,0.142802567839,6
0.0666666666667,0.443224481926,0.00265093115343,0.613026774351,0.493243376148,0.331394674488,0.254549977943,0.663409697492,0.446391905813,0.052756263059,0.135932415772,0.0466767722098,0.0387148986791,0.010582865597,0.138529400181,6
0.133333333333,0.408561414652,0.0113635103209,0.684904785127,0.547119337516,0.281983728521,0.20593395094,0.533453823349,0.291577066456,0.102420116338,0.190820348026,0.0742326711007,0.054193685467,0.0339911636406,0.290504509472,6
0.2,0.465456030307,0.00195769601917,0.486493880318,0.563583075985,0.738380474226,0.332738296759,0.568683132502,0.330287716175,0.109767350164,0.19657632531,0.0774102206778,0.0530771828134,0.039276467808,0.305068725139,6
0.266666666667,0.445266154736,0.0110973080293,0.711964602191,0.46472196542,0.279067455386,0.168910877884,0.559812076362,0.320322048732,0.087041558734,0.189538996342,0.0735324153128,0.0609975849709,0.0201114359267,0.221866015517,6
0.333333333333,0.592731644794,0.0125170535843,0.59355560049,0.560357206082,0.372089940515,0.20899890226,0.619666213767,0.390581392181,0.109972038496,0.253845065583,0.111943668312,0.107975279955,0.0152419909632,0.22942774999,6
0.4,0.682134228645,0.0123395853899,0.696287749932,0.531580086154,0.447681065765,0.232967078063,0.489368752979,0.246495607049,0.0872354739962,0.160819741709,0.0585575008649,0.0382919810073,0.0401505232775,0.247812216927,6
0.466666666667,0.409548223178,0.00535732111761,0.502384832229,0.651173311828,0.7005849116,0.332340750772,0.57424028836,0.336630766344,0.00989560356395,0.0349885810142,0.00905191757545,0.00833046313207,0.00255384668227,0.0547122996337,6
0.0,0.830030738518,0.0385161440598,0.508117945119,0.647455693464,0.950589054034,0.377519928596,0.166141116071,0.0314953538129,0.182194700619,0.346753168011,0.17914460421,0.186522933303,0.0347013337096,0.416486156512,7
0.0666666666667,0.817202227692,0.0308794658207,0.506321886932,0.553669427015,0.918609467946,0.256319698788,0.187390864342,0.039392937065,0.0976584193428,0.219984235736,0.0908818082161,0.0876041815393,0.0168613835772,0.251467055256,7
0.133333333333,0.823554098658,0.0447441685061,0.521570539888,0.705304982395,0.944773077497,0.533473372113,0.181869396641,0.0372582300278,0.267339660357,0.447442349279,0.2671767604,0.271884636179,0.0532033125746,0.522074750896,7
0.2,0.804124179077,0.0364419845381,0.457733160468,0.788194102952,0.988368046925,0.632205841618,0.0984763706164,0.0121922168498,0.158483173272,0.273995028194,0.125361069391,0.0961335851442,0.054015911019,0.368358867315,7
0.266666666667,0.848178941279,0.0439233781071,0.533405492846,0.770982906824,0.950589054034,0.574920747284,0.136219145677,0.0218628006021,0.123142116725,0.240308009459,0.103303012072,0.0990737087985,0.0389179684943,0.325587806703,7
0.333333333333,0.826367070086,0.040773317657,0.464560560465,0.869391608804,1.0,0.698442132693,0.0605245649231,0.00526177525152,0.107763559121,0.178871844621,0.067810880919,0.0634572741501,0.0987634539244,0.401914064038,7
0.4,0.855857899572,0.0587475182182,0.530229681348,0.911091878282,1.0,0.671896320007,0.147007165672,0.0251342599563,0.240692471402,0.408193374967,0.23101077199,0.218654526336,0.0527184849314,0.485290063408,7
0.466666666667,0.849324546578,0.0550872367093,0.499137654181,0.957257223785,0.991284320061,0.762331620038,0.0329304820195,0.00197948968482,0.0871008106197,0.163831120273,0.0600636065674,0.0418817062055,0.0505162748616,0.241270528928,7
0.533333333333,0.801526717557,0.0352440742261,0.43648971727,0.732272467987,0.973836390449,0.545489520175,0.0877546286265,0.00995077446075,0.0736667921729,0.170383394976,0.063393989749,0.0718039773208,0.0276508472073,0.234886377063,7
0.6,0.823213819856,0.0471732644165,0.489693480666,0.841676665552,0.959304733973,0.675679418916,0.132033434705,0.0206538735349,0.179162081379,0.332201540047,0.1677098718,0.157571681162,0.0405124368704,0.373793863968,7
0.0,0.984471944013,0.280233370676,0.866520761719,0.965380908358,0.979652366986,0.304038041304,0.103921363695,0.0134173832359,0.171335445932,0.295862891328,0.14064442984,0.103576936168,0.0734534023787,0.334409830255,8
0.0666666666667,0.984301804612,0.278198032321,0.86671107252,0.943625956451,1.0,0.277915422732,0.111298615554,0.0151672045374,0.136161371972,0.257402130197,0.114265349704,0.0864064786927,0.0602572133562,0.268146193533,8
0.133333333333,0.988453205993,0.311756158701,0.882173825128,0.95029406558,0.962204437375,0.254934699866,0.133552730526,0.0210883100125,0.149207559894,0.280583681966,0.129862713741,0.105197556686,0.0424176046517,0.307372691111,8
0.2,0.982475641709,0.267544394778,0.857790253708,0.942976848482,1.0,0.294176336011,0.0603410258306,0.00523457092257,0.0767909825094,0.160484245842,0.0583893839,0.0418275727435,0.0310555664035,0.194805245953,8
0.266666666667,0.985492780418,0.278419867564,0.869756045342,0.933889336926,0.947672780898,0.26298821212,0.113016745393,0.0155905372074,0.0872839528118,0.191814709271,0.0747759250949,0.058449928916,0.0289264219081,0.188645583081,8
0.333333333333,0.986661070971,0.293033264195,0.872610707361,0.954700131789,1.0,0.275081304566,0.103926462004,0.013418354819,0.112239769758,0.227999757473,0.0957002349469,0.0765474219277,0.0310559078314,0.252766728368,8
0.4,0.986910608759,0.305616868352,0.879771151261,0.949999016503,1.0,0.270092743632,0.0979869330363,0.0120858978907,0.199851762555,0.343600315285,0.176643690681,0.140489190563,0.0666555725355,0.365720137056,8
0.466666666667,0.982872633644,0.269823751899,0.857421526531,0.923287240111,0.973836390449,0.311578590994,0.19030709659,0.0405463450935,0.184333155039,0.334707653752,0.169668920731,0.140671890997,0.0640948631521,0.32736008822,8
0.533333333333,0.986071254381,0.283987932163,0.879901989937,0.919077873286,0.828486686219,0.283981205052,0.0845528911231,0.00932424210926,0.129083464899,0.251528931466,0.110445898988,0.0853677928908,0.0468868960955,0.258315938718,8
0.6,0.985583521432,0.286705413889,0.870445921996,0.96949192549,0.988368046925,0.304820309214,0.0455406373395,0.0032955684967,0.247921201456,0.411588754825,0.234053550116,0.195833888765,0.104434571639,0.392501279981,8
0.666666666667,0.988124269818,0.340261987422,0.895745364148,0.946792816538,0.991284320061,0.245111466765,0.0961566404189,0.0116889367642,0.104170740234,0.217033488955,0.0891353369356,0.0702408736058,0.0310733206552,0.22456776023,8
0.0,0.409616278938,0.0110529409807,0.288023503384,0.822773854718,0.994184023463,0.557338955403,0.139334211942,0.0227830286682,0.417386981068,0.566118959559,0.390388433553,0.307054469766,0.229366461037,0.561695088811,9
0.0666666666667,0.479033154498,0.0150515212352,0.256027499911,0.850606817601,0.956388460837,0.714395268433,0.163388029682,0.0305362624197,0.301350242744,0.476262656885,0.295200885879,0.250688002468,0.14770373166,0.427198613682,9
0.133333333333,0.489150777537,0.0147908648247,0.241837450787,0.882393438109,0.997100296598,0.665176510418,0.0771348527991,0.00795028469955,0.208260143788,0.370399563451,0.198429426304,0.164913531944,0.142541341543,0.30592335867,9
0.2,0.535712260245,0.0175582594807,0.349505786638,0.795845709003,0.973836390449,0.463453982128,0.229783296413,0.0577725148197,0.591754507587,0.641464055458,0.479018030197,0.302957243362,0.524254339353,0.760505690993,9
0.266666666667,0.60223676599,0.0213738256597,0.363981301964,0.810460473259,0.938957100959,0.552132385379,0.121852113376,0.0178543260095,0.286898169171,0.472584328705,0.291546773335,0.257048684252,0.122004452288,0.399590406049,9
0.333333333333,0.48003130565,0.0149350577326,0.312002664351,0.792344459962,0.962204437375,0.595618786741,0.128994843061,0.0197974923633,0.250646788198,0.441177065017,0.261230143789,0.244300253954,0.0671301573413,0.383324800126,9
0.4,0.3559543119,0.0153010858835,0.333139057724,0.72369637483,0.944773077497,0.492013172879,0.25270528975,0.0691664095326,0.337553144902,0.519675013642,0.33971714668,0.300264103628,0.144740137334,0.468748769249,9
0.466666666667,0.395653505439,0.0118071808068,0.194283539305,0.902535455064,1.0,0.753559960194,0.0534583098599,0.00427978225489,0.104014530717,0.285515066998,0.133308416824,0.151711733902,0.0134464215435,0.155594501989,9
0.533333333333,0.419246169028,0.0116408043746,0.320316867484,0.818505478078,0.991284320061,0.592066520985,0.149607302817,0.0259573297047,0.504686554831,0.607752784009,0.438419867257,0.314636537786,0.324249279391,0.682289000039,9
0.6,0.39007293309,0.0118293643311,0.264127603392,0.824367119731,1.0,0.621856821889,0.123503965209,0.018295702367,0.469350884819,0.602578871845,0.432306523077,0.333143415104,0.308205581534,0.608955929266,9
0.666666666667,0.696187743158,0.0289439533259,0.424559608911,0.762052754775,0.953488757436,0.523380833667,0.160354536347,0.0294980563964,0.129051145689,0.276864932598,0.127334012285,0.113561176564,0.0319528389714,0.235264463786,9
0.733333333333,0.452219184919,0.0157281187262,0.258025763325,0.856252089931,0.991284320061,0.694800098489,0.107281148751,0.0142011732644,0.228815161588,0.359202894157,0.189189940214,0.134774726981,0.19206204674,0.375644913552,9
0.8,0.545909281671,0.0192608449704,0.296682644844,0.887074883456,0.997100296598,0.725975398315,0.0865769194493,0.00971856608147,0.217099447826,0.395945754765,0.220229055891,0.194619269212,0.118228259518,0.302240951518,9
0.866666666667,0.492315370393,0.0152789023592,0.344010562249,0.783374968036,0.994184023463,0.534178695639,0.141424518274,0.0234131697572,0.30699533149,0.455930798925,0.275304729366,0.207706033648,0.228943090419,0.43184592966,9
0.0,0.376949513968,0.00725401244496,0.329439891523,0.829815692677,0.956388460837,0.59961989474,0.229283662217,0.0575379468812,0.586206376472,0.617090078619,0.449493356601,0.271008350763,0.430634804295,0.816352250798,10
0.0666666666667,0.3972074453,0.0100380447442,0.309100424631,0.845669663054,0.962204437375,0.643221712679,0.247260296671,0.0663668620072,0.714352045617,0.622102306029,0.455495549069,0.200773567172,1.0,0.939584892285,10
0.133333333333,0.495151027075,0.0131548299078,0.342036087686,0.836818190759,0.953488757436,0.554966503545,0.221707576341,0.0540041600693,0.420861296183,0.570888659835,0.395765397638,0.312214065362,0.252365045579,0.555826867788,10
0.2,0.232149541191,0.0095167319232,0.254421752525,0.850803516985,0.959304733973,0.652506335088,0.219719236171,0.053095035811,0.386732210025,0.455971220114,0.27531862333,0.15522702559,0.478741997911,0.592926627545,10
0.266666666667,0.597824484194,0.0201537318234,0.37986035945,0.843997718287,0.941856804361,0.473546520575,0.268041000594,0.0773596316656,0.620949527628,0.638957941753,0.475975252071,0.277504366202,0.616883733449,0.805127801189,10
0.333333333333,0.502126742511,0.0187228945063,0.279994766453,0.873955034521,0.959304733973,0.641734121244,0.258624425484,0.0722740877226,0.775812410685,0.897411022858,0.835495465705,0.797811519465,0.201471800154,0.883620180379,10
0.4,0.435624922019,0.0134931286533,0.230038181105,0.903400932355,0.968020413912,0.764216757461,0.237395070446,0.0614437112523,0.491414132437,0.795994260191,0.684509758426,0.867745185674,0.0895961143318,0.502894726478,10
0.466666666667,0.12854598868,0.00681034195903,0.175264353597,0.897972029348,0.956388460837,0.679706175043,0.193151952525,0.0416858733624,0.563152006404,0.81770043857,0.715826753384,0.810329882551,0.142240884976,0.58894884014,10
0.533333333333,0.390027562583,0.00720964539636,0.144445898208,0.92480182537,0.959304733973,0.812999497297,0.180732473929,0.0368251815261,0.606028825504,0.755856019726,0.62819752215,0.552316269338,0.21876512419,0.715686660628,10
0.6,0.490058187675,0.0149905165434,0.244097391553,0.891835008556,0.985468343524,0.660341838253,0.197317270264,0.043384755946,0.791056304912,0.917904565573,0.867465476973,0.79713485119,0.285459653651,0.800913709582,10
0.666666666667,0.232070142804,0.00588417981965,0.193807762302,0.922067703928,0.988368046925,0.797251546582,0.26217284794,0.0741700628935,0.56369065991,0.734271104913,0.598784000267,0.542098578388,0.206572733246,0.659997636958,10
0.733333333333,0.30461758334,0.00224608183502,0.149477240018,0.91715021932,0.956388460837,0.760074584757,0.244695847683,0.065070492454,0.703525110141,0.865114493017,0.78608852956,0.736573040589,0.294114851367,0.711393800953,10
0.8,0.27697560201,0.00281176170458,0.183792656382,0.892503786463,0.944773077497,0.659982764458,0.238516698234,0.0619933497352,1.0,1.0,1.0,0.798319020672,0.424454958983,0.981056279784,10
0.0,0.448476118099,0.00582317512783,0.652587632177,0.180471685124,0.32557869795,0.115793604383,0.555886379105,0.315922164917,0.0591393071084,0.112463873563,0.0364133009697,0.0219643138685,0.0327483660199,0.189594738293,11
0.0666666666667,0.489831335141,0.00579544572246,0.633045091765,0.158815082909,0.337210651025,0.101379356335,0.65244833502,0.432054114074,0.0873108854871,0.187178398917,0.0722513918278,0.0569375753216,0.0228739292095,0.21664763105,11
0.133333333333,0.359754091853,0.00490255886953,0.690673581292,0.075709593029,0.241288462494,0.0969294060919,0.68711683028,0.478121036418,0.0868584165418,0.160823783827,0.0585575008649,0.0375747126359,0.0535481547716,0.230617147808,11
0.2,0.303902997856,0.00327206983373,0.621852437762,0.0525974153701,0.322678994549,0.0752439136992,0.612222683902,0.381462390078,0.15271419422,0.264726449605,0.119107396174,0.0865384290063,0.07079026462,0.327714544524,11
0.266666666667,0.170706532219,0.00693235134266,0.587192083071,0.113141485867,0.62499378635,0.159959681142,0.768332878734,0.59529396755,0.0696107312706,0.153741991552,0.0550742840788,0.0418106560367,0.02238193158,0.182478043401,11
0.333333333333,0.144697889137,0.00224053595395,0.591747647877,0.156867759004,0.659889645573,0.178900823818,0.623948792593,0.395925099654,0.175456145255,0.378281695265,0.205056847154,0.215098634551,0.0345033055173,0.261391831751,11
0.4,0.310606490251,0.0044588883836,0.682894627288,0.0474438915006,0.438948816093,0.0964805638485,0.703482399366,0.500758924439,0.127208950698,0.225226863922,0.0940218440903,0.0638869585047,0.069486009974,0.288062699382,11
0.466666666667,0.325669498542,0.00498574708564,0.655834810224,0.0842660162474,0.476744378718,0.126604290419,0.649185417819,0.427806907615,0.129465908889,0.256355221407,0.113581766673,0.0901078541563,0.0408265505548,0.257740931826,11
0.533333333333,0.442180960267,0.00667724081325,0.671345140533,0.0880229744881,0.59011449686,0.114831799575,0.648624603925,0.427126799391,0.0552502287931,0.0977263081307,0.0304361176374,0.016884565129,0.0351349471652,0.19829467134,11
0.6,0.406712566496,0.00327206983373,0.694765263521,0.0743720372155,0.165697337244,0.0807326131339,0.647655925381,0.425863741261,0.10210231077,0.205279007256,0.0823134005894,0.0627636891684,0.0361626451978,0.238111929424,11
0.666666666667,0.461349999433,0.00582872100891,0.67101209663,0.12100946124,0.386621596991,0.0938644547721,0.68268130221,0.472097220721,0.115337027419,0.211714060511,0.0860189208002,0.0645500934141,0.0542549105614,0.289760151235,11
0.733333333333,0.280775381963,0.00413168140022,0.677910863178,0.00969727964751,0.482560355255,0.0805402521724,0.619258349117,0.390067841073,0.176915896257,0.337537136967,0.17186416705,0.149478728594,0.0580345176113,0.296758694025,11
0.8,0.45942175289,0.00623911620839,0.716365539472,0.0418772989241,0.418601183079,0.0805659003006,0.65810745704,0.439424266459,0.110187499899,0.212409304958,0.0864246245504,0.0659710967913,0.0483379647461,0.259418691662,11
0.866666666667,0.300522895092,0.00188005368413,0.692838366658,0.0,0.398253550065,0.0683189190853,0.589790128146,0.354632814636,0.123756181722,0.242110794478,0.104436759539,0.0822043687057,0.0402085660236,0.268024103029,11
0.933333333333,0.174846590974,0.00495801768027,0.681717079205,0.0176439347745,0.232556212822,0.0673314661496,0.638886835404,0.414621135929,0.0911460984519,0.159530305786,0.0579169891224,0.0375442625635,0.0729480890604,0.249938954748,11
1.0,0.376280298992,0.000288385815855,0.62147181616,0.168866421448,0.686053255124,0.107073240795,0.552215597254,0.311897034613,0.120050245599,0.224232502678,0.0934230142399,0.0691548210246,0.0575394471306,0.27198613682,11
0.0,0.869593820537,0.0815189059086,0.6021909531,0.732921575955,0.970936687047,0.41819785992,0.26345252328,0.0748598869491,0.322481619796,0.457385961721,0.276721913699,0.220200713344,0.124660761489,0.581584025836,12
0.0666666666667,0.905946939192,0.0881406879111,0.621626443686,0.913235901572,1.0,0.537615544818,0.109957760517,0.0148410301852,0.334084216321,0.482568362336,0.301480957628,0.248383946993,0.104861356536,0.572131857745,12
0.133333333333,0.807118632533,0.0542498086671,0.477632533631,0.89755896064,0.997100296598,0.616893909083,0.115667865619,0.0162539897196,0.404426977707,0.539643080903,0.361127745274,0.285059367491,0.143254925892,0.643692647001,12
0.2,0.86379773828,0.0813469835953,0.596350790385,0.773421979189,0.985468343524,0.48629364029,0.276111622358,0.0818525098707,0.384863082359,0.526587036925,0.34706705366,0.288219408335,0.114909580157,0.656492457958,12
0.266666666667,0.920658326055,0.100668833258,0.65799959559,0.880937862664,0.959304733973,0.459888892309,0.220835765651,0.0536044229908,0.246617659971,0.406899896926,0.229885360903,0.2101961729,0.0588778445683,0.485723287779,12
0.333333333333,0.900434422604,0.0893885111528,0.624159956229,0.871752001416,0.985468343524,0.561006637736,0.0930670656942,0.0110332569174,0.247339455669,0.377311586734,0.204237103275,0.151721883926,0.106223653928,0.457996928045,12
0.4,0.916155303245,0.0863604600863,0.612491525222,0.937803654675,0.96512071051,0.636925097206,0.0354648509892,0.00221919313432,0.113839570672,0.270316700014,0.122860155862,0.129280180589,0.0128844311908,0.239368280099,12
0.466666666667,0.888456608781,0.0744978204687,0.587156399795,0.888373099392,0.973836390449,0.491602802827,0.146951084283,0.0251162162687,0.491322561341,0.595788112128,0.424359175643,0.347488782532,0.171163243892,0.841164192037,12
0.533333333333,0.857184986899,0.0725678538549,0.570813459731,0.829422293908,0.979652366986,0.479868784176,0.281388371269,0.0848616417671,0.382164428292,0.567372016411,0.391777829957,0.379562858761,0.0851848656339,0.598676696467,12
0.6,0.926340982045,0.104356844172,0.664945939838,0.874859851689,0.938957100959,0.451335241554,0.167599232195,0.0320102928967,0.229752418689,0.387053093231,0.21253179981,0.18801837019,0.0526501993478,0.453546532236,12
0.666666666667,0.867450064086,0.0646982486108,0.550319365313,0.874604142489,0.997100296598,0.4767525366,0.235671842299,0.0606025978163,0.362104971718,0.535964752723,0.357140177593,0.340316098818,0.0830953267771,0.618762553661,12
0.733333333333,0.856946791738,0.0653249331721,0.549058556255,0.893408603631,0.991284320061,0.574176951566,0.212912994823,0.0500401007076,0.298231438943,0.440004850543,0.260146414593,0.204390359101,0.105165227383,0.522823047537,12
0.0,0.681181448,0.0275907583438,0.273119788755,0.988493086017,1.0,0.955449201317,0.00614652027725,0.000209487212695,0.242620850954,0.371895147436,0.199665989104,0.149999763166,0.0901321561627,0.468827537316,13
0.0666666666667,0.698399555369,0.0297869272491,0.302951006863,0.98481480753,1.0,0.917195018108,0.0123521809288,0.00049549354045,0.22466752959,0.351199498777,0.182701459005,0.132859755763,0.0879162889763,0.432712378402,13
0.133333333333,0.721130179327,0.0307075435074,0.329630202324,0.986486752296,0.994184023463,0.900241605368,0.00904694777038,0.000333835979577,0.224527479678,0.33879019382,0.172850638497,0.121359778432,0.0945024335104,0.466503879327,13
0.2,0.705817633248,0.0291325132824,0.28815434206,0.982120025964,1.0,0.93909851959,0.0253457290198,0.00133671801451,0.1231690494,0.328644475434,0.164986654848,0.195800055351,0.0147407747798,0.169174116813,13
0.266666666667,0.592777015301,0.0196656942889,0.2150987832,0.987214540018,1.0,0.952666379408,0.00711366932883,0.000249141686072,0.406274559233,0.504112855959,0.323433420819,0.217250439665,0.228540205476,0.652987278957,13
0.333333333333,0.570817689961,0.0168539325843,0.184970204465,0.983221542517,1.0,0.957193274035,0.0109771672271,0.000425664469552,0.350233048439,0.457305119344,0.276624655951,0.188532638079,0.178657586687,0.604781221693,13
0.4,0.599208284655,0.0203922047096,0.206974890869,0.985404905683,1.0,0.98304658726,0.0132071672016,0.000540741556973,0.11759398561,0.212348673174,0.0863885002438,0.061034801726,0.0413830780608,0.304659131188,13
0.466666666667,0.662488799156,0.0269474361392,0.276985476907,0.977851649324,1.0,0.905832897315,0.0168988521159,0.000752546689534,0.4256876316,0.556215768306,0.379342732137,0.289041560289,0.178097644902,0.63361033437,13
0.533333333333,0.664303619432,0.0274521113169,0.285597040667,0.987961997679,0.997100296598,0.936290049552,0.00467463872114,0.000152635717088,0.271966693976,0.37476505184,0.202069644884,0.128315928298,0.168711791442,0.500216612185,13
0.6,0.657622812291,0.0246292578502,0.271359413843,0.982729794056,1.0,0.931327136746,0.0041892797875,0.000134814105672,0.178774250854,0.305078922371,0.147299638618,0.113395392836,0.0545075672206,0.380804221968,13
0.666666666667,0.619795152161,0.0219505972914,0.242860371344,0.983103522886,1.0,0.939406297128,0.0205660651513,0.000989127193104,0.340343370064,0.426585015865,0.247655740916,0.15835323302,0.210762053797,0.631444212516,13
0.733333333333,0.631262547781,0.0217509455727,0.236068654622,0.978618776923,1.0,0.925389595067,0.0302105346341,0.00173617749781,0.617178953084,0.584591442834,0.411410001153,0.206054963057,0.570790964547,0.921586388878,13
0.8,0.596690221521,0.019454950808,0.205797342785,0.985109856606,0.997100296598,0.943125275717,0.0124230474117,0.000499185556522,0.288228643331,0.39477354029,0.219200902552,0.1432398471,0.162566088922,0.529400181167,13
0.0,0.902759661082,0.0803265414776,0.598717780976,0.952615118315,0.997100296598,0.620330758261,0.0344609941191,0.00212272880461,0.460145296397,0.621213039876,0.454439607801,0.381322196276,0.190201264588,0.598046551928,14
0.0666666666667,0.903462903939,0.0840034606298,0.601620020696,0.957493263046,1.0,0.620818072697,0.0255471121908,0.00135240214294,0.341533794313,0.443966127044,0.263883890921,0.18090320328,0.192912202255,0.610176834311,14
0.133333333333,0.903406190806,0.0804374590991,0.598848619652,0.953696964928,0.959304733973,0.623408533645,0.0248104066665,0.00129563392589,0.471457020029,0.624285050223,0.458121508273,0.388359546335,0.155023946218,0.66192745461,14
0.2,0.90366707122,0.0780083631887,0.58997537854,0.94551427054,0.994184023463,0.619599786608,0.0321254591664,0.00190606575617,0.544137537632,0.686129469068,0.53521911476,0.439752501812,0.246823670474,0.662912055453,14
0.266666666667,0.841498134138,0.0535565735328,0.483781951399,0.961033851964,0.997100296598,0.77050054887,0.0204069979377,0.000978328740081,0.223520197621,0.424685219992,0.245932889375,0.242260099105,0.0504001893696,0.332637548738,14
0.333333333333,0.902736975829,0.0820568563728,0.613205190727,0.937056197014,1.0,0.554043170929,0.0400089730223,0.00268027875054,0.320590945989,0.417813617899,0.23966671159,0.156790129305,0.177763045542,0.597889015793,14
0.4,0.931161598403,0.0999423228368,0.654348007089,0.954818151419,1.0,0.645773701435,0.0198609691374,0.000941630655515,0.254223447479,0.410254855595,0.232844775244,0.186353766234,0.100904206969,0.412232680871,14
0.466666666667,0.934065310845,0.112581385805,0.695669239827,0.893074214678,0.991284320061,0.450655566157,0.144702730399,0.0244166763813,0.181359787684,0.299864589018,0.143520480398,0.101032663454,0.082364671033,0.360324524438,14
0.533333333333,0.884316550027,0.0691460452322,0.558181580293,0.942957178544,1.0,0.642080370975,0.0270500934265,0.00147149048091,0.311105257743,0.47610097213,0.295048052275,0.258009553203,0.104134115071,0.507305738254,14
0.6,0.882445016617,0.066434109387,0.53339359842,0.966816813863,0.994184023463,0.722974567316,0.0127804388114,0.000517978751115,0.522375935978,0.657107055519,0.498414004004,0.417253281672,0.163013359494,0.740025993462,14
0.666666666667,0.868141964316,0.0606386636645,0.524532251734,0.951631621393,0.997100296598,0.693261210797,0.0227670047695,0.00114369219679,0.519790399148,0.661917176984,0.504416196472,0.431903149823,0.165362383568,0.724666220314,14
0.733333333333,0.897462654402,0.0774870503677,0.576903405374,0.966561104664,0.997100296598,0.659431329702,0.0185139961304,0.000853521941131,0.31600700465,0.459932496615,0.279167251371,0.218979327108,0.10928967663,0.537119451774,14
0.0,0.335877862595,0.00176359018157,0.448467403328,0.581620409528,0.78489171679,0.290341940845,0.397084277582,0.164396828603,0.227748627646,0.375007578973,0.202278054345,0.191828012578,0.062633551664,0.519711708873,15
0.0666666666667,0.506062633985,0.01032643056,0.435799840615,0.570723263636,0.88952958526,0.345652129308,0.339381626207,0.121477835752,0.533202871454,0.5894015643,0.416953692807,0.311943398052,0.252815730431,0.913276357765,15
0.133333333333,0.422614929165,0.00646649733243,0.421229169888,0.622848600484,0.834302662756,0.297472120485,0.360070560584,0.136123758155,0.518336034681,0.589522827866,0.41706484452,0.334023083862,0.230254173623,0.910322555236,15
0.2,0.551376427753,0.00451434719434,0.48740975105,0.547434056531,0.837202366158,0.204728488915,0.378220537515,0.149656523833,0.565145024377,0.591543887306,0.419426818407,0.292834285969,0.297710087341,0.981410736088,15
0.266666666667,0.475414856572,0.0126168794436,0.407003437489,0.595428706308,0.906977514871,0.39226760231,0.35390670606,0.131672519229,0.20452727499,0.363608803735,0.19281626483,0.183400109214,0.0423732190224,0.431333937222,15
0.333333333333,0.297108764448,0.00372683208181,0.495509854531,0.453136371683,0.758728107239,0.236878417613,0.318519349354,0.107552272875,0.334714440923,0.441945067604,0.261952629919,0.193824183989,0.136371739069,0.662951439486,15
0.4,0.47622018307,0.00379892853578,0.534131052776,0.508389228742,0.627910059485,0.248830445354,0.394820628774,0.162592459846,0.464858514577,0.522383233291,0.342593197237,0.239830859998,0.273158005773,0.827458548305,15
0.466666666667,0.447409911187,0.00388766263296,0.431672475111,0.578355199748,0.845934615831,0.269310475721,0.378067588271,0.149545485756,0.429248131276,0.560702520261,0.384316771265,0.329408206227,0.132991602683,0.737190343035,15
0.533333333333,0.369349954062,0.00427032842708,0.461349065693,0.509156356341,0.78489171679,0.239045684446,0.390757277198,0.159372355602,0.519736533797,0.562602316134,0.386442547764,0.250745519272,0.286098123857,0.874168012288,15
0.6,0.213989995803,0.00615592799228,0.571955324539,0.353134404689,0.747096154165,0.20821663435,0.498632378845,0.255670128191,0.374897992492,0.441864225227,0.261910948027,0.175026339313,0.210656211142,0.776219920444,15
0.0,0.916643036194,0.0936366560555,0.628144588631,0.874230413659,0.988368046925,0.547105352251,0.193075477903,0.0416553378912,0.273205597041,0.495179773237,0.314263404549,0.31912623179,0.100873478456,0.340947579851,22
0.0666666666667,0.894354774679,0.0740763335071,0.56767333151,0.932237062098,0.956388460837,0.611700163122,0.105563018912,0.013797272258,0.220175159347,0.407910426646,0.230760680638,0.21809965835,0.0813813586298,0.324878894096,22
0.133333333333,0.90941778297,0.0904755038433,0.619675757972,0.946969845984,0.985468343524,0.569791121644,0.0879177744865,0.00998311430078,0.264603300545,0.541583297965,0.36321183988,0.442966676117,0.0544631815913,0.287306525934,22
0.2,0.876297312932,0.0765165211797,0.574381787256,0.826432463266,0.973836390449,0.558134047377,0.235019258859,0.0602861392959,0.31168700353,0.570444026759,0.395237427005,0.444387679495,0.0876260752461,0.356031664763,22
0.266666666667,0.939759309461,0.117062457713,0.715461563165,0.60858789512,0.822670709682,0.334418249156,0.671617973575,0.457218118355,0.256738959354,0.466197780877,0.285280595551,0.282156460592,0.085089265817,0.346933952975,22
0.333333333333,0.907852500482,0.0942134276873,0.634329689674,0.769842050394,0.982552070388,0.44491038544,0.441143856411,0.201525185719,0.200347323781,0.353948139615,0.184910599288,0.153596255047,0.10214700459,0.330944035288,22
0.4,0.8432222134,0.0606220260213,0.504787506096,0.885756997581,0.979652366986,0.584679860064,0.15885053545,0.0289886692166,0.189778941988,0.414337395663,0.23654056968,0.263669883322,0.0322669526558,0.256464889134,22
0.466666666667,0.885859147261,0.077586876227,0.575404707813,0.878007041838,0.976736093851,0.55645409498,0.135418711301,0.0216282326637,0.21095341132,0.490612178904,0.309622820558,0.409606930166,0.0237001847705,0.24397227364,22
0.533333333333,0.853872939895,0.062174872722,0.513422858706,0.938413422766,1.0,0.732118125019,0.127776347419,0.0194588262273,0.11757243947,0.256888781099,0.113929115774,0.101776998557,0.0331512509629,0.219644756016,22
0.6,0.85032269773,0.0574054149983,0.502396726654,0.903400932355,0.982552070388,0.606621833739,0.132109909327,0.0206760811503,0.140055836822,0.350269811435,0.181951184947,0.21059202384,0.0213549164033,0.189145760309,22
0.666666666667,0.963488084571,0.155817074659,0.755438725869,0.669112295679,0.912793491409,0.321722425697,0.722754004084,0.527949373632,0.0953045035204,0.27512682148,0.126125237413,0.148859577123,0.0128352655707,0.138769642787,22
0.733333333333,0.926556491952,0.107041050612,0.66523140604,0.865359271425,0.991284320061,0.485242067034,0.138753004815,0.0226109196483,0.0546038445855,0.152723377595,0.0545796589588,0.0500795423557,0.014204391521,0.117451065338,22
0.0,0.568435738348,0.0131381922646,0.265519251127,0.896909852672,0.936040827824,0.721371559304,0.109198112606,0.0146592053335,0.0674453441754,0.258837082399,0.115207360466,0.165755983947,0.00202019484677,0.08028041432,23
0.0666666666667,0.567233419915,0.0123673147953,0.287083843802,0.878066051653,0.956388460837,0.671190996481,0.114908217708,0.0160624490361,0.042467981089,0.148677216597,0.052633114596,0.0576142435965,0.00598314868855,0.081871529282,23
0.133333333333,0.575025804476,0.00850183568664,0.441735158731,0.846063061823,0.752912130702,0.478547905574,0.481119690431,0.23848698572,0.0482692793516,0.173782816953,0.0651487974079,0.0738069154144,0.00639217933406,0.0751801819542,23
0.2,0.414244070642,0.00836318865978,0.378908805443,0.849583980802,0.874997928783,0.498361084608,0.308750990984,0.101323036735,0.115811042505,0.289355079933,0.136003845849,0.143409014169,0.0207959989018,0.183246032059,23
0.266666666667,0.511915429375,0.0100380447442,0.44294839009,0.839867031216,0.659889645573,0.397705005489,0.44011399817,0.200623001341,0.118994484727,0.276501141899,0.127070026968,0.120425976212,0.0340765206201,0.191512740735,23
0.333333333333,0.578757528668,0.013171467551,0.469270752798,0.816302444973,0.779075740253,0.51194176849,0.457596096735,0.216362648806,0.0825114827461,0.235372582308,0.100225499036,0.106243009171,0.0143901283083,0.12703320074,23
0.4,0.532298129601,0.00750357709329,0.232869054274,0.880347764511,0.869181952246,0.634603941604,0.196007005075,0.0428462212708,0.0962256010161,0.243695305079,0.105438514346,0.10148941454,0.0332844078508,0.147851600961,23
0.466666666667,0.443077027778,0.00564570693346,0.170209222937,0.884753830721,0.976736093851,0.732118125019,0.117839744881,0.0168077921304,0.0456298771708,0.162064714323,0.0591771716613,0.0641204090595,0.0085196166898,0.0701429640424,23
0.533333333333,0.549799802638,0.0121343877902,0.369607365028,0.899309585161,0.921509171348,0.603159336432,0.285497607619,0.0872378566226,0.0602220006561,0.167618585663,0.0619781948128,0.0558346060336,0.0219674380878,0.105663424048,23
0.6,0.58800176945,0.0108366516188,0.435383535737,0.803005566593,0.781975443655,0.468198885845,0.381248932542,0.151974443698,0.0936239045808,0.284747064411,0.132780446191,0.164247013694,0.0083198813579,0.125914694183,23
0.666666666667,0.605015709538,0.0126889758976,0.40709859289,0.833611990794,0.81977100628,0.638079262975,0.345983935231,0.126060932395,0.023232125726,0.104226035288,0.0330273419318,0.0363803931307,0.00522654442273,0.0363475247135,23
0.0,0.599979583272,0.0256053329192,0.293744721849,0.930997855977,0.985468343524,0.805394827286,0.0885754562348,0.0101141392321,0.290894978187,0.379130540229,0.20576543932,0.118646338649,0.424284245024,0.468748769249,24
0.0666666666667,0.496228576614,0.0160220504232,0.175537925374,0.961702629871,0.997100296598,0.90284489038,0.0470395399287,0.00347253543249,0.0813749238479,0.175052042281,0.0658087607001,0.047687520004,0.0411713927517,0.172064904888,24
0.133333333333,0.371153431712,0.010919839835,0.103136559894,0.978972835815,1.0,0.967734654725,0.0381378939399,0.00248568451997,0.129476681959,0.279856100568,0.129376425,0.114951729869,0.0377468707363,0.221791185853,24
0.2,0.589498996178,0.0232927005113,0.228551377969,0.962273058085,0.997100296598,0.90562771229,0.0537795032718,0.00432267071226,0.125237478865,0.206471432325,0.082995594224,0.0502791594968,0.104676985461,0.292859674688,24
0.266666666667,0.59503419802,0.0265481327018,0.271894662971,0.924742815555,0.997100296598,0.83503123942,0.0744480444165,0.00747920565636,0.102926450634,0.166640392894,0.0614807909,0.0326350342293,0.106623124592,0.257331337876,24
0.333333333333,0.527704365777,0.0186563439334,0.220165808286,0.914770156769,0.997100296598,0.816397874283,0.122560778206,0.018043090741,0.33995553954,0.398653974413,0.222591029779,0.116738134114,0.499432529729,0.575833956914,24
0.4,0.372707371573,0.0113191432723,0.112949460588,0.955073860619,0.985468343524,0.926620705221,0.0680139795609,0.00640741061466,0.0840843509845,0.164514238364,0.0604081768757,0.039147966375,0.0528584703777,0.194884014021,24
0.466666666667,0.637648446627,0.0266424126801,0.270051027084,0.959066858121,0.970936687047,0.888610179229,0.0487525714592,0.00368031543475,0.0138848714315,0.0433193880232,0.0115125386079,0.00883627266754,0.0102199277204,0.0469339529755,24
0.533333333333,0.0,0.00486928358308,0.0795618093799,0.963748303468,1.0,0.950511936639,0.0676927861489,0.00635619430148,0.150742722387,0.216968815053,0.0890950444398,0.0452887309696,0.204746093885,0.338623921862,24
0.6,0.471569706113,0.0167041937953,0.180367061958,0.94765829383,1.0,0.887776615063,0.0760081267032,0.00775152654108,0.260644197274,0.36045595101,0.190218093554,0.113777710412,0.419572539758,0.4014020716,24
0.666666666667,0.466408810952,0.0134764910101,0.138201325039,0.978933495938,1.0,0.957411283125,0.0384183008869,0.00251441562249,0.228712817422,0.280219891267,0.129612622388,0.0592077973839,0.406529993299,0.461423338978,24
0.733333333333,0.266869321597,0.00773095821733,0.110796569648,0.950589114656,0.994184023463,0.814269079643,0.0759265537731,0.00773653640063,0.152046263872,0.265377230744,0.119540887852,0.0819979848819,0.119621285422,0.276105706746,24
0.8,0.603302972902,0.0251283871469,0.264995896423,0.961014182026,1.0,0.865437095401,0.0672186434932,0.00628068840888,0.0377224436986,0.0681137452252,0.0195210194835,0.00953222598826,0.0430424177412,0.127293135363,24
0.0,0.685707156063,0.0256219705625,0.389114222164,0.841637325675,0.976736093851,0.678398120505,0.221712674649,0.0540041600693,0.498826004683,0.611552375755,0.44289372368,0.321284803587,0.353745237209,0.653853727699,25
0.0666666666667,0.679026348922,0.0207526869794,0.321589570968,0.914376758001,0.985468343524,0.773296194844,0.113388921886,0.0156821436212,0.534711101272,0.80201701732,0.693151804062,0.789725333581,0.149315271432,0.525028553424,25
0.133333333333,0.796808184839,0.0306909058642,0.460932760815,0.835716674207,0.973836390449,0.677795389492,0.219943561729,0.0531963580565,0.50025882301,0.700236463954,0.553517465408,0.517366352941,0.243156734637,0.54184553582,25
0.2,0.808967480689,0.0347393990483,0.460028784509,0.866421448101,0.947672780898,0.701366019308,0.216650054679,0.051705671868,0.695983961053,0.935285676752,0.894878268034,1.0,0.251712918256,0.622228348627,25
0.266666666667,0.720835271032,0.0320884678949,0.361519155972,0.835716674207,0.988368046925,0.743582838324,0.21069013248,0.0490629656269,0.670990438362,0.889326785101,0.823032579956,0.872008195806,0.215832258376,0.647315978102,25
0.333333333333,0.755441625172,0.0295207249576,0.379170482795,0.906764491827,0.959304733973,0.739184184338,0.182873763342,0.0376413113947,0.65202983494,0.853998666101,0.769401878742,0.779169308492,0.225593682546,0.662045606711,25
0.4,0.761260392682,0.0330589970829,0.40719374829,0.842030724444,0.927325147885,0.704597683461,0.295041640432,0.092891082736,0.670936573011,0.88435497888,0.815404793695,0.845787300154,0.313934741994,0.622070812493,25
0.466666666667,0.809704751426,0.0364752598245,0.460052573359,0.933672967604,0.994184023463,0.740812840479,0.107087413042,0.0141553700575,0.633661750376,0.866003759171,0.787422350108,0.848493973254,0.265096892634,0.602851404041,25
0.533333333333,0.761566643603,0.035016693102,0.383844991852,0.921890674482,1.0,0.811293896771,0.12208663555,0.017916784928,0.662856770417,0.731603306453,0.595143781687,0.433154986132,0.34302440059,0.829821590327,25
0.0,0.699352336014,0.0275186618898,0.286964899552,0.978205708216,1.0,0.927261908426,0.0128895426053,0.000523780490657,0.130532442831,0.282362214273,0.131127064469,0.137765600756,0.0289250561965,0.281465873735,26
0.0666666666667,0.806086453501,0.0463302904933,0.452083308553,0.960561773442,0.997100296598,0.776720219958,0.0680802575665,0.0064182368272,0.091673978888,0.220489500596,0.0911833072358,0.0925573933114,0.0211145511491,0.201780158324,26
0.133333333333,0.49814548053,0.0135874086316,0.157172933046,0.973091524224,1.0,0.94350999764,0.0228006536031,0.00114614891425,0.279739464072,0.589805776188,0.417398299657,0.581040837607,0.0264872608635,0.322626127368,26
0.2,0.206356408017,0.00171367725191,0.0,0.98029072169,1.0,0.988714823592,0.0439754567447,0.00311568681138,0.150074792039,0.253113442066,0.111471273535,0.0791728948342,0.0615990250731,0.360088220236,26
0.266666666667,0.414176014882,0.008379826303,0.073115030985,0.970455752473,1.0,0.812460886604,0.0307300522322,0.00178156431193,0.173188413994,0.325087410821,0.162263437895,0.142481978632,0.0483447933045,0.330628963018,26
0.333333333333,0.535848371766,0.0146522177978,0.161799864404,0.976101024804,0.994184023463,0.952114944651,0.0234639434904,0.0011945892755,0.197503233268,0.332848279068,0.16822394847,0.13095493457,0.0854648365265,0.370643141271,26
0.4,0.232433106859,0.00350499683885,0.0340775278627,0.973032514408,0.997100296598,0.950460640382,0.0513731018362,0.00400884934613,0.383764229206,0.607995311142,0.438697746538,0.471285243421,0.0874621898456,0.522271671065,26
0.466666666667,0.413915134467,0.007481393569,0.0532156578212,0.983241212455,1.0,0.99687092836,0.0223479238415,0.00111353147902,0.0907151756468,0.185403908729,0.0712927083087,0.0513753621021,0.0425097901895,0.205734315309,26
0.533333333333,0.85856878736,0.0592743769203,0.530634091801,0.938885501288,0.973836390449,0.623382885517,0.0857509935328,0.00955645048853,0.175229910783,0.307382930132,0.148994702232,0.122493197792,0.0707253933156,0.354416919381,26
0.6,0.526638158865,0.0134210321994,0.12755581459,0.986545762112,1.0,0.97044053225,0.00928758791395,0.000344898148033,0.192289067327,0.321853715718,0.159818100223,0.116552050339,0.11140652972,0.341617108424,26
0.666666666667,0.331953313748,0.00369355679537,0.0449252435384,0.975746965912,1.0,0.977609184082,0.00699385908786,0.000244131092831,0.23974444123,0.466804098709,0.285878036005,0.344748276018,0.0326595947613,0.39726674806,26
0.733333333333,0.803602418248,0.0379171889038,0.436715711346,0.956037687602,1.0,0.803099319812,0.0831916428533,0.00906482940103,0.112896927036,0.286404333151,0.133947539171,0.147753224493,0.0128424355569,0.198361624198,26
0.0,0.550786611163,0.0137205097774,0.116874620865,0.990066681091,1.0,0.927890287567,0.0285342109221,0.00159335477081,0.0687057933801,0.114678954708,0.0373428071643,0.0233521605003,0.0496388051129,0.271352053877,27
0.0666666666667,0.626090309994,0.014890690684,0.239268254969,0.987843978048,1.0,1.0,0.0103159166631,0.000393407908079,0.142560575627,0.245865922917,0.106815406183,0.0779616586222,0.0627018372475,0.342010948761,27
0.133333333333,0.790263489219,0.0405071153654,0.382941015546,0.991502586597,1.0,0.914091594595,0.0294508867232,0.00167080382976,0.155396688681,0.285272539865,0.13315558322,0.112441290569,0.0501953326189,0.338308849592,27
0.2,0.692024999149,0.0261377375024,0.264282230918,1.0,1.0,0.979661034338,0.000664309548876,1.90985493056e-05,0.114830693123,0.195994260191,0.0770851019192,0.0526170483865,0.0638387922138,0.319443897444,27
0.266666666667,0.77373728208,0.0359539470036,0.358712071652,0.991659946104,1.0,0.944651339345,0.0105040442329,0.000402485270903,0.127505210126,0.232797752582,0.0986360295497,0.0768519226514,0.0440906014488,0.322531605687,27
0.333333333333,0.789968580924,0.0380336524064,0.359865830885,0.997403568127,1.0,0.911424189263,0.00916828750379,0.000339401763204,0.141774141508,0.254968774632,0.112677269614,0.0893533690298,0.0557025649328,0.333858453783,27
0.4,0.838242800268,0.0480495136262,0.462609874752,0.973622612561,1.0,0.786017666431,0.0325904248675,0.00194826022556,0.231292967717,0.284908749166,0.132905491867,0.0755459528809,0.273178491448,0.571422945138,27
0.466666666667,0.72887719338,0.0315948844793,0.335339526364,0.987076850449,1.0,0.955205544099,0.0139974049612,0.000583852090508,0.160045268441,0.261901008509,0.117227542839,0.0838385225896,0.0775437088338,0.383561104328,27
0.533333333333,0.778126878623,0.0357931164524,0.350968800923,0.966698794233,1.0,0.923273624491,0.0410235363395,0.00278895726876,0.224845285247,0.278320095394,0.128334377696,0.0650305278892,0.250507677707,0.526131306368,27
0.6,0.767680319408,0.0290437791852,0.382715021469,0.949133539212,0.994184023463,0.915271408493,0.0699972214221,0.00672955983659,0.226278103573,0.340649568504,0.174309504722,0.133702207766,0.116609891187,0.492536725611,27
0.666666666667,0.622063677506,0.0196934236942,0.190822261606,0.991364897028,1.0,0.881851897449,0.0119427867862,0.000474313027194,0.068786591406,0.165633905293,0.060972271816,0.0536997176263,0.0155438132425,0.178712929778,27
0.0,0.94021301453,0.129823530064,0.714248331807,0.937528275536,1.0,0.485177946713,0.166192099152,0.0315133975005,0.269133376533,0.394692697912,0.219117538768,0.153440621344,0.172576755471,0.448741680123,28
0.0666666666667,0.922495831585,0.104184921859,0.675175145409,0.928204724719,1.0,0.553055717994,0.123758880615,0.0183637131894,0.246062846859,0.363285434225,0.192524491585,0.134108208731,0.107459622991,0.478673545745,28
0.133333333333,0.90560666039,0.0927825903701,0.619711441247,0.940852495132,1.0,0.616021872724,0.0828296629763,0.00899570819787,0.530509603923,0.668586673134,0.512863726611,0.42364779687,0.193796500562,0.709227679099,28
0.2,0.856300262015,0.0636112559202,0.512126366372,0.970337732843,1.0,0.740992377376,0.0891719582856,0.0102347543436,0.410906979387,0.621859778896,0.455203775824,0.439211167192,0.121034797002,0.508526643299,28
0.266666666667,0.903099939884,0.0864491941835,0.599764490383,0.976219044434,1.0,0.672947893263,0.0198298694578,0.000939548691564,0.476504203383,0.642029952101,0.479740516327,0.406528089515,0.20796575915,0.591036193927,28
0.333333333333,0.910676814537,0.0920727175926,0.622340109191,0.970613111981,1.0,0.643311481128,0.0381073040911,0.00248235337765,0.578934554138,0.664665817822,0.507903581447,0.371341339221,0.266937189111,0.809223740696,28
0.4,0.907058516611,0.0936643854609,0.621329083059,0.978107358524,1.0,0.661996142522,0.0106315019361,0.000408675643716,0.536757984596,0.623234099315,0.456857157545,0.319616816289,0.288751018778,0.744003780867,28
0.466666666667,0.903882581128,0.0955167097397,0.641050039846,0.946832156415,0.988368046925,0.611469329968,0.0994909339336,0.0124169301589,0.342002422863,0.481355726672,0.30028607672,0.230130820278,0.137880850466,0.55086447954,28
0.533333333333,0.861041479986,0.0686025488869,0.541826745804,0.981057849289,1.0,0.734759882224,0.0375159003485,0.00242211522069,0.753027367369,0.773803027547,0.653109399683,0.446383850906,0.429132521456,0.905478319089,28
0.6,0.911640937808,0.10610379671,0.65519251127,0.95029406558,0.997100296598,0.570175843567,0.0446127452605,0.00318855554965,0.321932193219,0.545706259221,0.367713484231,0.371848840427,0.0807975168904,0.421881769131,28
0.666666666667,0.852103490126,0.0629124749049,0.514350623863,0.982198705718,1.0,0.788364470161,0.0316681409274,0.00186484286995,0.615401396513,0.69437539158,0.545889679147,0.386701709061,0.370919061473,0.763223189319,28
0.733333333333,0.925728480201,0.122863449316,0.694789052371,0.929247231456,1.0,0.516866209104,0.101035721296,0.0127608706035,0.378593155545,0.574769093959,0.400141996313,0.366503161056,0.134060272065,0.493127486117,28
0.0,0.817145514558,0.0523863926262,0.455425642002,0.949094199335,0.970936687047,0.734824002544,0.0682536000428,0.00644627394174,0.000525725822133,0.00891691424645,0.00211188253487,0.00314583080992,0.00147288589455,0.0258910637628,29
0.0666666666667,0.811757766864,0.0551704249254,0.468592770568,0.924900175062,0.994184023463,0.758946067116,0.130442762569,0.0202027813456,0.0227931231184,0.0714121142303,0.0206644927244,0.0170317404788,0.0113172770482,0.0615454294829,29
0.133333333333,0.826548552114,0.0553811684062,0.4659046305,0.944865162572,0.997100296598,0.734965067249,0.0874079436739,0.00988179205519,6.67930347792e-05,0.0112128377696,0.00267597747511,0.00411989479162,0.000628261511524,0.0220826277027,29
0.2,0.707156063201,0.0350056013399,0.334935115911,0.946340407955,1.0,0.859294368697,0.113159498021,0.0156252366065,0.0179253113821,0.0484084156915,0.0130714413737,0.0108233090567,0.007692336845,0.0847111181127,29
0.266666666667,0.807776504883,0.0490089510521,0.433991888002,0.941914671807,0.997100296598,0.747160752208,0.107061921501,0.0141498181536,0.00384706334188,0.0170536995493,0.00415429524951,0.00472145288799,0.00216769170725,0.0400102398488,29
0.333333333333,0.80019963023,0.0496356356134,0.438440402983,0.943291567497,1.0,0.793917289916,0.113128908172,0.0156169087507,0.0034543849358,0.0,0.0,0.0,0.0104196630523,0.0494742231499,29
0.4,0.825663827229,0.0601839014164,0.487326490074,0.904050040323,1.0,0.67803904671,0.188354444578,0.0397732424799,0.0165813708839,0.0462175872592,0.0123948053247,0.00942159072531,0.00761073557265,0.0684336969792,29
0.466666666667,0.795821376314,0.0502456825316,0.440973915526,0.911799996066,0.988368046925,0.650787910498,0.179580256292,0.0363893570725,0.0,0.0024697346349,0.000571041922258,0.00212169337589,0.00291541884721,0.0358276554685,29
0.533333333333,0.762871045677,0.0450325543219,0.41145195247,0.912291744527,1.0,0.711804807485,0.140379365108,0.0230967112367,0.0163055802887,0.0405626629479,0.0106844583508,0.00760811974863,0.00758751847424,0.0771651372534,29
0.6,0.782868096594,0.0471621726544,0.42149084724,0.913924349417,0.988368046925,0.680642331723,0.13054982704,0.0202333168169,0.0248685550781,0.107843731684,0.0345001021206,0.0377506463874,0.00337259082913,0.0423299594344,29
0.666666666667,0.779068316641,0.0485985558526,0.43080418208,0.875646649226,0.988368046925,0.643426897705,0.208778266932,0.0482287920707,0.0278004461128,0.115442915176,0.0376651471301,0.0407178367727,0.0040936865915,0.0455633886023,29
0.733333333333,0.836439322618,0.0584203112348,0.485387698786,0.949094199335,0.973836390449,0.680591035466,0.115305885742,0.0161623833057,0.0156236449498,0.0466177570282,0.0125184616047,0.00982488501714,0.00657757469342,0.0616675199874,29
0.0,0.444812449667,0.0116463502557,0.204370011775,0.883435944845,0.985468343524,0.424250818175,0.0675653284458,0.00633592985236,0.492846950763,0.557387982781,0.380634870793,0.227819998119,0.525244480314,0.662281910913,30
0.0666666666667,0.467384276851,0.0110917621483,0.176441901681,0.892936525109,0.96512071051,0.562404460722,0.082452388175,0.00892478262596,0.76342338004,0.666929404394,0.510751844076,0.240815412338,0.799172098756,1.0,30
0.133333333333,0.146002291211,0.00524085761505,0.117231453618,0.913589960463,0.988368046925,0.581589260616,0.0508887625641,0.00394694561801,0.742092701191,0.69506255179,0.54679278681,0.297662314111,0.615415593402,0.948997676342,30
0.2,0.496920476844,0.0124893241789,0.172052858825,0.909419933516,0.985468343524,0.604364798457,0.0625995763306,0.00556824034503,0.291552135465,0.430667555933,0.251421005173,0.186225199262,0.141373658065,0.468079240676,30
0.266666666667,0.265791772059,0.00755349002296,0.16062231632,0.88689785401,0.985468343524,0.513070286131,0.086082383561,0.009620991371,0.551463225317,0.624608419734,0.458496645302,0.296376644388,0.510665508225,0.682328384073,30
0.333333333333,0.411986887924,0.010847743381,0.19073900063,0.90471881823,0.997100296598,0.568123993311,0.101667911504,0.0129034157353,0.329855786297,0.463893773116,0.283015879412,0.201808869632,0.248660552671,0.47162380371,30
0.4,0.0859657679525,0.00268975232095,0.16988807346,0.886956863825,0.991284320061,0.505863162106,0.0859396309335,0.00959323185166,0.274245198308,0.391620687564,0.216449897671,0.147303240091,0.147867617061,0.489031546611,30
0.466666666667,0.430180461191,0.00979402597691,0.143851176953,0.907531619426,0.982552070388,0.651146984293,0.0738770339063,0.00738038176751,0.226687480238,0.380221912326,0.206696334911,0.167261570858,0.0791176915348,0.385766610216,30
0.533333333333,0.244388235428,0.00633339618665,0.198779631986,0.88664214481,0.991284320061,0.538590173689,0.109906777436,0.0148285384015,0.555179934511,0.547323106773,0.369491911629,0.194588819139,0.418787255547,0.912606829191,30
0.6,0.316436600388,0.00876803797819,0.221878605498,0.895277247782,0.988368046925,0.603018271727,0.114240339343,0.0158945039441,0.251029232187,0.350552759757,0.182187382335,0.118132070761,0.128116012017,0.52179906266,30
0.666666666667,0.342830892778,0.01032643056,0.235580983193,0.882767166939,0.982552070388,0.549516276302,0.0923380076322,0.010881967537,0.282179564456,0.370520827018,0.198526684053,0.124289752062,0.154638132671,0.58300185105,30
0.733333333333,0.386318523644,0.00866821211886,0.15839805883,0.899427604792,0.988368046925,0.719191468407,0.0889272394956,0.0101849260064,0.126099324475,0.251949311829,0.110718220683,0.0873774976672,0.0480989652037,0.242585955654,30
0.0,0.996256933181,0.470545825615,0.95911886099,0.716811896379,0.956388460837,0.123000728407,0.404150532646,0.170101409827,0.0403456862742,0.110240708179,0.0354879629642,0.0285581078731,0.0154447991463,0.0984128234414,31
0.0666666666667,0.997050917051,0.554554832126,0.96913396691,0.75558134503,0.985468343524,0.0864777938506,0.315868229128,0.10584367446,0.0331492754302,0.0985994058085,0.0307806879457,0.0255293406747,0.0110533532677,0.0802252766728,31
0.133333333333,0.998820366821,0.6101800193,0.99637220035,0.363028383721,0.906977514871,0.0420167636166,1.0,1.0,0.0279728152348,0.0715010408456,0.0206950594453,0.0148268169051,0.0131107979003,0.0904454334213,31
0.2,0.995292809909,0.484072229555,0.947783473886,0.881154231987,0.973836390449,0.151329086003,0.0920779939177,0.0108282528671,0.062360455076,0.169089916934,0.0627298582677,0.0565620244291,0.0127987327835,0.126233704856,31
0.266666666667,0.99806041083,0.640072318289,0.971013286073,0.891579299357,0.947672780898,0.106021667539,0.122892168234,0.0181319212029,0.0274395482636,0.098615574284,0.0307862455314,0.0290859091275,0.00759844416761,0.0554133354338,31
0.333333333333,0.998037725576,0.549397162727,0.988129363767,0.423611794095,0.895345561797,0.0476337036923,0.767313217109,0.593794953505,0.0303105714521,0.0897916287718,0.0273683303762,0.022558766948,0.00997102676832,0.0806388090268,31
0.4,0.996370359448,0.481654225407,0.957168175276,0.781034245363,0.892445858395,0.124770449253,0.238899071343,0.0621807264908,0.0468580071652,0.138377897694,0.0477994045047,0.0432012093415,0.0127854170947,0.0949706588949,31
0.466666666667,0.995814570738,0.442805328483,0.975675900705,0.396113220166,0.781975443655,0.0851569152483,0.946722680079,0.897664531955,0.0444179067817,0.143729663089,0.0502878134652,0.0488412394127,0.00951829334934,0.0809420660864,31
0.533333333333,0.996733323503,0.450880131326,0.972274095132,0.406872676489,0.845934615831,0.0931463071825,0.899053499096,0.810818875701,0.00207543195971,0.0434810727784,0.011561167482,0.0160177530689,0.0,0.0,31
0.6,0.99684674977,0.505418325809,0.971774529278,0.631660732902,0.845934615831,0.0925307521057,0.610438276058,0.379297147569,0.0176048125459,0.0764688049476,0.022452645897,0.0228433059576,0.00288093462751,0.0408136741365,31
0.666666666667,0.9949071606,0.454313031711,0.955812210817,0.692401502783,0.973836390449,0.126629938547,0.268056295518,0.0773665715454,0.0600388584639,0.188285939489,0.0728516110746,0.0752448354986,0.0165332713482,0.0856445197117,31
0.0,0.845207173077,0.0591690051799,0.493713796344,0.98619170322,0.991284320061,0.803958532106,0.0370162661521,0.00237200928828,0.19597345731,0.356575516886,0.187064163715,0.156969446397,0.0918973384977,0.305777637746,32
0.0666666666667,0.854281274458,0.0611599764855,0.500779084843,0.979779303291,0.988368046925,0.678988027454,0.00171914950024,5.12024334217e-05,0.117857925828,0.234345884112,0.0995905448796,0.0747407176338,0.0525819137643,0.224347209641,32
0.133333333333,0.845479396119,0.0573000432579,0.482640086591,0.989043844293,1.0,0.815371949155,0.0148478027567,0.000631598463772,0.256717413213,0.42844439055,0.249378592458,0.207959784251,0.154446933037,0.353392934504,32
0.2,0.891496432744,0.0742538017015,0.558562201896,0.982611774425,1.0,0.652814112626,0.00799363731146,0.000286797474056,0.0938393659833,0.179514541523,0.0681512830381,0.0443210953365,0.0694825956948,0.203304320428,32
0.266666666667,0.871771604868,0.0663453752898,0.52611421027,0.98518853636,1.0,0.6566100356,0.00470879738559,0.000153912654978,0.185550511963,0.368540188767,0.196873302331,0.183748593376,0.067317942696,0.265176637391,32
0.333333333333,0.866236403026,0.0632452277693,0.514636090065,0.992151694565,1.0,0.821873749654,0.00167275489629,4.97311788967e-05,0.214772464679,0.386608460155,0.212156662781,0.183000874932,0.107886407888,0.313638690875,32
0.4,0.870852852103,0.0683918054061,0.535165867758,0.97263911564,0.997100296598,0.771193048331,0.0320790645624,0.00190176303067,0.11115707621,0.217429616605,0.0893701449279,0.0650406779133,0.0586593307009,0.229270213855,32
0.466666666667,0.872849154407,0.0692514169726,0.543706064967,0.97828438797,1.0,0.76558893232,0.0473454384163,0.00350945559321,0.0928051512512,0.202922451949,0.0809740224554,0.0629260895543,0.0533023266708,0.172655665393,32
0.533333333333,0.810770958339,0.0464689375201,0.428746446541,0.986290052912,1.0,0.861435987402,0.0107003290958,0.000412062305075,0.160476191246,0.304189656218,0.146674410236,0.116700917359,0.10023500825,0.249726280966,32
0.6,0.834477048195,0.0547323003206,0.467998049314,0.981529927811,0.997100296598,0.824451386538,0.0203483673943,0.000974359128816,0.0567584586107,0.151611794903,0.0540433519466,0.0454680480624,0.0213197493277,0.109716041117,32
0.666666666667,0.759593026553,0.0374291513693,0.364231084891,0.966521764787,0.997100296598,0.885147681922,0.0544881681014,0.00441719187562,0.0620318764372,0.173483700156,0.064994574407,0.0591807306529,0.0217615570533,0.103528809421,32
0.0,0.659902680263,0.0270694455228,0.284669275511,0.970849151242,1.0,0.853895437711,0.0214536805961,0.00105035081301,0.335339278991,0.503951171204,0.323280587214,0.262374063576,0.225904381951,0.42771060612,33
0.0666666666667,0.55405328766,0.0212129951085,0.22371034696,0.961663289994,1.0,0.843379705149,0.0407074412356,0.00275453546478,0.707134088633,0.706865538915,0.5622150869,0.331147243693,0.683359749042,0.828600685282,33
0.133333333333,0.768882637841,0.0387657087081,0.372057616595,0.982080686087,1.0,0.878184215116,0.02351390691,0.00119833681061,0.318371693543,0.455930798925,0.275290835402,0.200479216472,0.220543963641,0.471348115474,33
0.2,0.723965836008,0.0365806315649,0.355512471305,0.965361238419,1.0,0.862910754773,0.0357289433501,0.0022448706897,0.0832494380497,0.230825198569,0.0974258652813,0.0982549401859,0.0390750253365,0.106218738923,33
0.266666666667,0.654356135794,0.0248233636878,0.2580614466,0.977871319263,0.991284320061,0.918349183877,0.0180979741873,0.000827011600162,0.398571814093,0.533984114473,0.35500050713,0.261727845373,0.261143157346,0.541294159348,33
0.333333333333,0.797205176775,0.0478720454319,0.43445577058,0.969334565983,0.997100296598,0.737581176326,0.0233380152796,0.00118528983652,0.338641224984,0.438913478445,0.259118261254,0.161100506216,0.327793301177,0.518412035761,33
0.4,0.648457969897,0.0240303026942,0.264353597469,0.978953165877,1.0,0.905794425123,0.0216356901962,0.00106307855262,0.423667680951,0.561915155925,0.385650591813,0.289498311374,0.343946255968,0.536371155134,33
0.466666666667,0.685843267584,0.0290326874231,0.29671832812,0.972580105824,0.994184023463,0.907743682866,0.0545952325721,0.00443121043288,0.192057446319,0.327148891449,0.163847349796,0.121474812038,0.120867497322,0.322893938797,33
0.533333333333,0.69597223325,0.0281675299755,0.287369310004,0.98619170322,1.0,0.939765370923,0.0757430146806,0.00770475175099,0.411871169164,0.545665838032,0.367699590267,0.269424947,0.287037050631,0.544523650112,33
0.6,0.605821036036,0.0219616890535,0.233439986678,0.972501426071,1.0,0.926453992388,0.0276369086919,0.00151909805657,0.542144519658,0.61272459023,0.444297014048,0.287417556429,0.472596295391,0.706470796739,33
0.666666666667,0.683858307907,0.0311900351609,0.313156423584,0.964810480143,0.997100296598,0.888802540191,0.0567875050664,0.00473045805136,0.619171971057,0.644495644617,0.482783294453,0.283540247214,0.624839003933,0.772596589343,33
0.0,0.996597211982,0.518284769901,0.949746054024,0.828163417849,0.96512071051,0.114062355729,0.117008720656,0.0165954318074,0.0996568238511,0.226520341963,0.094804074266,0.0899556037945,0.0213030193597,0.223835217203,34
0.0666666666667,0.996574526729,0.496838847788,0.949377326847,0.845138574716,0.968020413912,0.118948324151,0.107367819989,0.014220604928,0.0827323306837,0.198795448574,0.0786481728743,0.0736884984663,0.0148725659561,0.198196211256,34
0.133333333333,0.997720132028,0.574242709939,0.959154544265,0.851039556246,0.895345561797,0.084605480492,0.0873824521333,0.00987748932969,0.0842728797117,0.210590351462,0.0853672938865,0.0885582838069,0.0135078785687,0.200799495884,34
0.2,0.999659721198,0.877657863505,0.99145980279,0.727433663133,0.834302662756,0.0207249699917,0.168287503792,0.0322531886909,0.0394245887784,0.134469168738,0.0460098619357,0.0499306753352,0.00368738736933,0.0980189831042,34
0.266666666667,0.999183330876,0.779828521357,0.986119205928,0.777375636814,0.930224851287,0.0550716608702,0.149520631578,0.0259295701853,0.0358964083123,0.0865498494311,0.0261442721439,0.0214551209917,0.0125860231907,0.132472135796,34
0.333333333333,0.995927997006,0.51967124017,0.949210804896,0.857333936545,0.997100296598,0.129566649226,0.0704101843803,0.0067967378734,0.0828346748499,0.154598920754,0.0554911030001,0.0350744233602,0.0557503648413,0.214934425584,34
0.4,0.995848598618,0.539580953226,0.952624504895,0.866205078778,0.994184023463,0.133349748135,0.13120241048,0.0204165296445,0.0686196088191,0.146304492815,0.0515035353192,0.0366578271234,0.0424005332558,0.166507817731,34
0.466666666667,0.995996052766,0.522111427843,0.947081702806,0.944196384665,0.982552070388,0.156625424477,0.0249118629983,0.00130340659131,0.0874563219338,0.189858323733,0.0737074792598,0.0570898256835,0.030264477918,0.19481312276,34
0.533333333333,0.996132164287,0.533702319287,0.949615215349,0.793032907807,0.930224851287,0.104251946693,0.116238876129,0.0163983392201,0.0525731208668,0.129351846238,0.0437076320934,0.0356495913939,0.0196119268829,0.138781457997,34
0.6,0.995962024886,0.499151480196,0.946403720576,0.846692499852,0.962204437375,0.107804212449,0.15444049892,0.0275215786195,0.0659101816824,0.150492127973,0.0535014873489,0.0417734392815,0.0220667936118,0.169374975385,34
0.666666666667,1.0,1.0,1.0,0.718955919668,0.845934615831,0.0100117468427,0.35795986102,0.134592820664,0.0150532108866,0.0593140524263,0.0165602157455,0.0177253254605,0.00204785050811,0.0673033752117,34
0.0,0.900400394723,0.0855285779252,0.598277687248,0.960660123134,0.997100296598,0.615303725134,0.0860772852529,0.00962015858541,0.518713092135,0.552982073203,0.375730301485,0.244682571529,0.372318915936,0.872474498838,35
0.0666666666667,0.892471898642,0.0804929179099,0.582933878891,0.984696787899,1.0,0.687259548798,0.0197039412471,0.000931165316724,0.452458710862,0.540208977546,0.361739079692,0.236481352037,0.327431387585,0.679098893309,35
0.133333333333,0.89660061477,0.0873698104418,0.614144850309,0.949821987057,0.997100296598,0.613457059904,0.147226392922,0.0252036587546,0.400570218602,0.520281331474,0.34037016299,0.243024734255,0.236218919347,0.600882202355,35
0.2,0.90741013804,0.09112991781,0.620389423477,0.982395405102,1.0,0.642336852257,0.0202341652922,0.000966669741959,0.415652516778,0.547121000829,0.369269608204,0.279913305261,0.216156614898,0.6089953133,35
0.266666666667,0.906865691957,0.0923111904788,0.625278032186,0.977182871418,1.0,0.561455479979,0.0745806004277,0.00750196846222,0.531425314883,0.596556114715,0.425234495378,0.2696211808,0.482839132925,0.710330432043,35
0.333333333333,0.881458208092,0.0784021207449,0.577617070879,0.980703790397,1.0,0.679116268095,0.0744021596433,0.00747143299094,0.517097131616,0.622749045049,0.456301398983,0.324329810824,0.400281862403,0.653026662991,35
0.4,0.931672016606,0.111649677784,0.672641632867,0.987116190326,1.0,0.5821663435,0.0244861542697,0.00127092795368,0.383888119512,0.593201156046,0.421330291481,0.395938231013,0.244321003836,0.422984522075,35
0.466666666667,0.882569785511,0.0765830717526,0.563070189002,0.988355396448,1.0,0.718088598894,0.0252677249055,0.00133074971786,0.366381880558,0.508033711271,0.327518246248,0.24195221504,0.284906540424,0.487810641566,35
0.533333333333,0.907398795413,0.0911631930965,0.625622970514,0.933397588466,0.988368046925,0.591630502806,0.0470344416205,0.0034722578373,0.518120573278,0.610016370581,0.44107361439,0.295578175824,0.480722279834,0.641368989012,35
0.6,0.916790490342,0.0996262076156,0.646723680611,0.964830150082,1.0,0.520341530475,0.0642310349311,0.00581502247196,0.505925457896,0.606176357647,0.436516394183,0.302832059731,0.451632621239,0.643495726832,35
0.666666666667,0.909145559929,0.100092061626,0.641656655526,0.910600129822,0.927325147885,0.555902660224,0.21515115209,0.0510338915,0.195655651741,0.402413144971,0.225897793222,0.229860152968,0.0622443238377,0.260891654523,35
0.0,0.310617832878,0.00531849995009,0.744472065943,0.46171246484,0.49419230833,0.129733362059,0.373377144794,0.145978387521,0.291902260244,0.501445057499,0.320696309902,0.315035772068,0.0820744573029,0.407545980859,36
0.0666666666667,0.40171046811,0.0071153654181,0.83734373699,0.341588150829,0.127901774618,0.0200132344342,0.477484596737,0.234989286283,0.504158674395,0.716283675903,0.574691866612,0.562263292979,0.196008953469,0.560001575361,36
0.133333333333,0.285403173667,0.00216289361891,0.789349731781,0.508743287634,0.62499378635,0.185184615227,0.368865142103,0.142605605921,0.374181583329,0.592231047515,0.420204880394,0.412245936438,0.116077263636,0.466582647395,36
0.2,0.0371811304062,0.00272857348847,0.796593436656,0.489879816676,0.441865089228,0.115960317216,0.395493605447,0.163133770473,0.53287967935,0.594939267164,0.423344916268,0.263463499498,0.48638998327,0.719979520302,36
0.266666666667,0.639281784876,0.00998258593343,0.80863059484,0.49070595409,0.337210651025,0.0793989104675,0.354895777836,0.132381774948,0.472658217348,0.61074395198,0.441935040161,0.35939814417,0.200386059375,0.664566184869,36
0.333333333333,0.292798566292,0.00749248533114,0.844075981587,0.392651311001,0.316863018011,0.0600858699332,0.453869233495,0.212962107687,0.591754507587,0.708159016957,0.563924044477,0.44371101122,0.277719482754,0.732031034619,36
0.4,0.185520002722,0.00434242488104,0.767880294506,0.464269556836,0.526171894418,0.0750002564813,0.388284597756,0.157443069008,0.733635841142,0.747327148891,0.616512698388,0.398306569975,0.515035785572,0.880823913985,36
0.466666666667,0.268094325284,0.0014585667225,0.801517728641,0.436436593953,0.363374260576,0.072653452751,0.443178081354,0.203329554476,0.49901453341,0.701772469128,0.555559878122,0.537734068015,0.152261794363,0.600252057816,36
0.533333333333,0.547622018307,0.00754794414189,0.722836106717,0.345246759378,0.130818047754,0.101430652591,0.563533841295,0.324499856393,0.244371474849,0.414054447341,0.236276584363,0.201666769295,0.0879572603264,0.387223819464,36
0.6,0.402515794608,0.0046308106969,0.887895043593,0.0993135191487,0.0,0.0,0.659891864885,0.441728306564,0.414682940466,0.624123365468,0.457926992777,0.448549189385,0.109812061344,0.548580205585,36
